,ARIMA,Ora,Data
2020-09-01 00:00:00,2521879.452,1,2020-09-01
2020-09-01 01:00:00,2289887.97,2,2020-09-01
2020-09-01 02:00:00,2193201.355,3,2020-09-01
2020-09-01 03:00:00,2158649.105,4,2020-09-01
2020-09-01 04:00:00,2162843.01,5,2020-09-01
2020-09-01 05:00:00,2249634.063,6,2020-09-01
2020-09-01 06:00:00,2490244.855,7,2020-09-01
2020-09-01 07:00:00,2917256.899,8,2020-09-01
2020-09-01 08:00:00,3605227.647,9,2020-09-01
2020-09-01 09:00:00,3856370.051,10,2020-09-01
2020-09-01 10:00:00,3911115.485,11,2020-09-01
2020-09-01 11:00:00,3960774.169,12,2020-09-01
2020-09-01 12:00:00,3816298.516,13,2020-09-01
2020-09-01 13:00:00,3714561.387,14,2020-09-01
2020-09-01 14:00:00,3798704.164,15,2020-09-01
2020-09-01 15:00:00,3847927.394,16,2020-09-01
2020-09-01 16:00:00,3970788.554,17,2020-09-01
2020-09-01 17:00:00,4115825.188,18,2020-09-01
2020-09-01 18:00:00,4376092.981,19,2020-09-01
2020-09-01 19:00:00,4474527.335,20,2020-09-01
2020-09-01 20:00:00,4595245.906,21,2020-09-01
2020-09-01 21:00:00,4180681.678,22,2020-09-01
2020-09-01 22:00:00,3676805.313,23,2020-09-01
2020-09-01 23:00:00,3163652.527,24,2020-09-01
2020-09-02 00:00:00,2725619.633,1,2020-09-02
2020-09-02 01:00:00,2460791.822,2,2020-09-02
2020-09-02 02:00:00,2334580.702,3,2020-09-02
2020-09-02 03:00:00,2280173.732,4,2020-09-02
2020-09-02 04:00:00,2272501.774,5,2020-09-02
2020-09-02 05:00:00,2351136.979,6,2020-09-02
2020-09-02 06:00:00,2573491.21,7,2020-09-02
2020-09-02 07:00:00,2982860.402,8,2020-09-02
2020-09-02 08:00:00,3628508.996,9,2020-09-02
2020-09-02 09:00:00,3877715.525,10,2020-09-02
2020-09-02 10:00:00,3938269.212,11,2020-09-02
2020-09-02 11:00:00,3994611.686,12,2020-09-02
2020-09-02 12:00:00,3867014.449,13,2020-09-02
2020-09-02 13:00:00,3759142.407,14,2020-09-02
2020-09-02 14:00:00,3836675.705,15,2020-09-02
2020-09-02 15:00:00,3887242.889,16,2020-09-02
2020-09-02 16:00:00,4017881.56,17,2020-09-02
2020-09-02 17:00:00,4179924.612,18,2020-09-02
2020-09-02 18:00:00,4450522.561,19,2020-09-02
2020-09-02 19:00:00,4569242.691,20,2020-09-02
2020-09-02 20:00:00,4687635.495,21,2020-09-02
2020-09-02 21:00:00,4275201.872,22,2020-09-02
2020-09-02 22:00:00,3773034.663,23,2020-09-02
2020-09-02 23:00:00,3254152.31,24,2020-09-02
2020-09-03 00:00:00,2802688.422,1,2020-09-03
2020-09-03 01:00:00,2522901.811,2,2020-09-03
2020-09-03 02:00:00,2383244.393,3,2020-09-03
2020-09-03 03:00:00,2319161.324,4,2020-09-03
2020-09-03 04:00:00,2305217.266,5,2020-09-03
2020-09-03 05:00:00,2379748.812,6,2020-09-03
2020-09-03 06:00:00,2595792.929,7,2020-09-03
2020-09-03 07:00:00,3000196.386,8,2020-09-03
2020-09-03 08:00:00,3634001.82,9,2020-09-03
2020-09-03 09:00:00,3885590.751,10,2020-09-03
2020-09-03 10:00:00,3952008.114,11,2020-09-03
2020-09-03 11:00:00,4015272.284,12,2020-09-03
2020-09-03 12:00:00,3898443.123,13,2020-09-03
2020-09-03 13:00:00,3794100.127,14,2020-09-03
2020-09-03 14:00:00,3874945.146,15,2020-09-03
2020-09-03 15:00:00,3931031.481,16,2020-09-03
2020-09-03 16:00:00,4068598.077,17,2020-09-03
2020-09-03 17:00:00,4239614.704,18,2020-09-03
2020-09-03 18:00:00,4515836.583,19,2020-09-03
2020-09-03 19:00:00,4642085.557,20,2020-09-03
2020-09-03 20:00:00,4759243.338,21,2020-09-03
2020-09-03 21:00:00,4345627.042,22,2020-09-03
2020-09-03 22:00:00,3840845.808,23,2020-09-03
2020-09-03 23:00:00,3315826.977,24,2020-09-03
2020-09-04 00:00:00,2854890.425,1,2020-09-04
2020-09-04 01:00:00,2564641.374,2,2020-09-04
2020-09-04 02:00:00,2414906.922,3,2020-09-04
2020-09-04 03:00:00,2342277.95,4,2020-09-04
2020-09-04 04:00:00,2321610.653,5,2020-09-04
2020-09-04 05:00:00,2391222.199,6,2020-09-04
2020-09-04 06:00:00,2603053.252,7,2020-09-04
2020-09-04 07:00:00,3005350.406,8,2020-09-04
2020-09-04 08:00:00,3636622.038,9,2020-09-04
2020-09-04 09:00:00,3892130.467,10,2020-09-04
2020-09-04 10:00:00,3965306.742,11,2020-09-04
2020-09-04 11:00:00,4037120.4,12,2020-09-04
2020-09-04 12:00:00,3931138.103,13,2020-09-04
2020-09-04 13:00:00,3835803.929,14,2020-09-04
2020-09-04 14:00:00,3925462.205,15,2020-09-04
2020-09-04 15:00:00,3990226.975,16,2020-09-04
2020-09-04 16:00:00,4135294.63,17,2020-09-04
2020-09-04 17:00:00,4312041.293,18,2020-09-04
2020-09-04 18:00:00,4589688.773,19,2020-09-04
2020-09-04 19:00:00,4714053.755,20,2020-09-04
2020-09-04 20:00:00,4821939.165,21,2020-09-04
2020-09-04 21:00:00,4394065.682,22,2020-09-04
2020-09-04 22:00:00,3869274.524,23,2020-09-04
2020-09-04 23:00:00,3317733.802,24,2020-09-04
2020-09-05 00:00:00,2823970.335,1,2020-09-05
2020-09-05 01:00:00,2495733.795,2,2020-09-05
2020-09-05 02:00:00,2303913.537,3,2020-09-05
2020-09-05 03:00:00,2186309.505,4,2020-09-05
2020-09-05 04:00:00,2118907.279,5,2020-09-05
2020-09-05 05:00:00,2141216.765,6,2020-09-05
2020-09-05 06:00:00,2306142.671,7,2020-09-05
2020-09-05 07:00:00,2663778.603,8,2020-09-05
2020-09-05 08:00:00,3253215.326,9,2020-09-05
2020-09-05 09:00:00,3473315.738,10,2020-09-05
2020-09-05 10:00:00,3517593.993,11,2020-09-05
2020-09-05 11:00:00,3567775.67,12,2020-09-05
2020-09-05 12:00:00,3448475.605,13,2020-09-05
2020-09-05 13:00:00,3347417.323,14,2020-09-05
2020-09-05 14:00:00,3439810.169,15,2020-09-05
2020-09-05 15:00:00,3515801.758,16,2020-09-05
2020-09-05 16:00:00,3679936.324,17,2020-09-05
2020-09-05 17:00:00,3882761.218,18,2020-09-05
2020-09-05 18:00:00,4191734.549,19,2020-09-05
2020-09-05 19:00:00,4351785.548,20,2020-09-05
2020-09-05 20:00:00,4496953.558,21,2020-09-05
2020-09-05 21:00:00,4107135.107,22,2020-09-05
2020-09-05 22:00:00,3619212.405,23,2020-09-05
2020-09-05 23:00:00,3101366.204,24,2020-09-05
2020-09-06 00:00:00,2636494.409,1,2020-09-06
2020-09-06 01:00:00,2331142.256,2,2020-09-06
2020-09-06 02:00:00,2155159.467,3,2020-09-06
2020-09-06 03:00:00,2045611.037,4,2020-09-06
2020-09-06 04:00:00,1978034.338,5,2020-09-06
2020-09-06 05:00:00,1991867.73,6,2020-09-06
2020-09-06 06:00:00,2140254.93,7,2020-09-06
2020-09-06 07:00:00,2474213.489,8,2020-09-06
2020-09-06 08:00:00,3033740.313,9,2020-09-06
2020-09-06 09:00:00,3219958.344,10,2020-09-06
2020-09-06 10:00:00,3227831.932,11,2020-09-06
2020-09-06 11:00:00,3241036.841,12,2020-09-06
2020-09-06 12:00:00,3086447.814,13,2020-09-06
2020-09-06 13:00:00,2953610.641,14,2020-09-06
2020-09-06 14:00:00,3020125.793,15,2020-09-06
2020-09-06 15:00:00,3078226.124,16,2020-09-06
2020-09-06 16:00:00,3234193.7,17,2020-09-06
2020-09-06 17:00:00,3440046.41,18,2020-09-06
2020-09-06 18:00:00,3764120.52,19,2020-09-06
2020-09-06 19:00:00,3952152.158,20,2020-09-06
2020-09-06 20:00:00,4137966.503,21,2020-09-06
2020-09-06 21:00:00,3801427.16,22,2020-09-06
2020-09-06 22:00:00,3378543.57,23,2020-09-06
2020-09-06 23:00:00,2936141.242,24,2020-09-06
2020-09-07 00:00:00,2555422.525,1,2020-09-07
2020-09-07 01:00:00,2340952.938,2,2020-09-07
2020-09-07 02:00:00,2260285.545,3,2020-09-07
2020-09-07 03:00:00,2247983.905,4,2020-09-07
2020-09-07 04:00:00,2276952.329,5,2020-09-07
2020-09-07 05:00:00,2383981.88,6,2020-09-07
2020-09-07 06:00:00,2619626.994,7,2020-09-07
2020-09-07 07:00:00,3032591.322,8,2020-09-07
2020-09-07 08:00:00,3660698.288,9,2020-09-07
2020-09-07 09:00:00,3903571.852,10,2020-09-07
2020-09-07 10:00:00,3954726.832,11,2020-09-07
2020-09-07 11:00:00,3996931.487,12,2020-09-07
2020-09-07 12:00:00,3856684.988,13,2020-09-07
2020-09-07 13:00:00,3723481.585,14,2020-09-07
2020-09-07 14:00:00,3775539.004,15,2020-09-07
2020-09-07 15:00:00,3806090.804,16,2020-09-07
2020-09-07 16:00:00,3922770.996,17,2020-09-07
2020-09-07 17:00:00,4079291.176,18,2020-09-07
2020-09-07 18:00:00,4345866.734,19,2020-09-07
2020-09-07 19:00:00,4470404.475,20,2020-09-07
2020-09-07 20:00:00,4588809.519,21,2020-09-07
2020-09-07 21:00:00,4183245.628,22,2020-09-07
2020-09-07 22:00:00,3691826.861,23,2020-09-07
2020-09-07 23:00:00,3183320.408,24,2020-09-07
2020-09-08 00:00:00,2740673.202,1,2020-09-08
2020-09-08 01:00:00,2469942.459,2,2020-09-08
2020-09-08 02:00:00,2339844.408,3,2020-09-08
2020-09-08 03:00:00,2285760.048,4,2020-09-08
2020-09-08 04:00:00,2281048.543,5,2020-09-08
2020-09-08 05:00:00,2362604.843,6,2020-09-08
2020-09-08 06:00:00,2580747.796,7,2020-09-08
2020-09-08 07:00:00,2983679.038,8,2020-09-08
2020-09-08 08:00:00,3608425.573,9,2020-09-08
2020-09-08 09:00:00,3853722.371,10,2020-09-08
2020-09-08 10:00:00,3911937.912,11,2020-09-08
2020-09-08 11:00:00,3964643.729,12,2020-09-08
2020-09-08 12:00:00,3837141.101,13,2020-09-08
2020-09-08 13:00:00,3717713.289,14,2020-09-08
2020-09-08 14:00:00,3783522.375,15,2020-09-08
2020-09-08 15:00:00,3826863.222,16,2020-09-08
2020-09-08 16:00:00,3954587.884,17,2020-09-08
2020-09-08 17:00:00,4119823.844,18,2020-09-08
2020-09-08 18:00:00,4392385.897,19,2020-09-08
2020-09-08 19:00:00,4520026.084,20,2020-09-08
2020-09-08 20:00:00,4638634.647,21,2020-09-08
2020-09-08 21:00:00,4230610.377,22,2020-09-08
2020-09-08 22:00:00,3734416.733,23,2020-09-08
2020-09-08 23:00:00,3219286.527,24,2020-09-08
2020-09-09 00:00:00,2768721.375,1,2020-09-09
2020-09-09 01:00:00,2489382.153,2,2020-09-09
2020-09-09 02:00:00,2350586.928,3,2020-09-09
2020-09-09 03:00:00,2288282.405,4,2020-09-09
2020-09-09 04:00:00,2276322.371,5,2020-09-09
2020-09-09 05:00:00,2352000.545,6,2020-09-09
2020-09-09 06:00:00,2565916.307,7,2020-09-09
2020-09-09 07:00:00,2966434.944,8,2020-09-09
2020-09-09 08:00:00,3590603.422,9,2020-09-09
2020-09-09 09:00:00,3837086.281,10,2020-09-09
2020-09-09 10:00:00,3898030.883,11,2020-09-09
2020-09-09 11:00:00,3954703.146,12,2020-09-09
2020-09-09 12:00:00,3832034.359,13,2020-09-09
2020-09-09 13:00:00,3717878.156,14,2020-09-09
2020-09-09 14:00:00,3788974.37,15,2020-09-09
2020-09-09 15:00:00,3837205.224,16,2020-09-09
2020-09-09 16:00:00,3969048.707,17,2020-09-09
2020-09-09 17:00:00,4137326.262,18,2020-09-09
2020-09-09 18:00:00,4411624.972,19,2020-09-09
2020-09-09 19:00:00,4539580.528,20,2020-09-09
2020-09-09 20:00:00,4657053.443,21,2020-09-09
2020-09-09 21:00:00,4246541.167,22,2020-09-09
2020-09-09 22:00:00,3746692.029,23,2020-09-09
2020-09-09 23:00:00,3227008.231,24,2020-09-09
2020-09-10 00:00:00,2771330.178,1,2020-09-10
2020-09-10 01:00:00,2486704.072,2,2020-09-10
2020-09-10 02:00:00,2342850.677,3,2020-09-10
2020-09-10 03:00:00,2276111.016,4,2020-09-10
2020-09-10 04:00:00,2260697.952,5,2020-09-10
2020-09-10 05:00:00,2334205.657,6,2020-09-10
2020-09-10 06:00:00,2547454.032,7,2020-09-10
2020-09-10 07:00:00,2948937.649,8,2020-09-10
2020-09-10 08:00:00,3575724.239,9,2020-09-10
2020-09-10 09:00:00,3826403.225,10,2020-09-10
2020-09-10 10:00:00,3892930.978,11,2020-09-10
2020-09-10 11:00:00,3956292.199,12,2020-09-10
2020-09-10 12:00:00,3841061.76,13,2020-09-10
2020-09-10 13:00:00,3734675.702,14,2020-09-10
2020-09-10 14:00:00,3813432.672,15,2020-09-10
2020-09-10 15:00:00,3868769.06,16,2020-09-10
2020-09-10 16:00:00,4006741.351,17,2020-09-10
2020-09-10 17:00:00,4179803.091,18,2020-09-10
2020-09-10 18:00:00,4457249.016,19,2020-09-10
2020-09-10 19:00:00,4586525.019,20,2020-09-10
2020-09-10 20:00:00,4703409.107,21,2020-09-10
2020-09-10 21:00:00,4290445.462,22,2020-09-10
2020-09-10 22:00:00,3786447.865,23,2020-09-10
2020-09-10 23:00:00,3261199.729,24,2020-09-10
2020-09-11 00:00:00,2798925.363,1,2020-09-11
2020-09-11 01:00:00,2507136.454,2,2020-09-11
2020-09-11 02:00:00,2356072.653,3,2020-09-11
2020-09-11 03:00:00,2282616.088,4,2020-09-11
2020-09-11 04:00:00,2261508.395,5,2020-09-11
2020-09-11 05:00:00,2330825.14,6,2020-09-11
2020-09-11 06:00:00,2541785.743,7,2020-09-11
2020-09-11 07:00:00,2943172.676,8,2020-09-11
2020-09-11 08:00:00,3572201.325,9,2020-09-11
2020-09-11 09:00:00,3827454.212,10,2020-09-11
2020-09-11 10:00:00,3900707.18,11,2020-09-11
2020-09-11 11:00:00,3972593.479,12,2020-09-11
2020-09-11 12:00:00,3867172.497,13,2020-09-11
2020-09-11 13:00:00,3771215.266,14,2020-09-11
2020-09-11 14:00:00,3860235.982,15,2020-09-11
2020-09-11 15:00:00,3924798.517,16,2020-09-11
2020-09-11 16:00:00,4070039.876,17,2020-09-11
2020-09-11 17:00:00,4247493.5,18,2020-09-11
2020-09-11 18:00:00,4525580.856,19,2020-09-11
2020-09-11 19:00:00,4650972.115,20,2020-09-11
2020-09-11 20:00:00,4758810.114,21,2020-09-11
2020-09-11 21:00:00,4331190.431,22,2020-09-11
2020-09-11 22:00:00,3806695.56,23,2020-09-11
2020-09-11 23:00:00,3255121.512,24,2020-09-11
2020-09-12 00:00:00,2760964.004,1,2020-09-12
2020-09-12 01:00:00,2432267.534,2,2020-09-12
2020-09-12 02:00:00,2240055.634,3,2020-09-12
2020-09-12 03:00:00,2122222.966,4,2020-09-12
2020-09-12 04:00:00,2054717.84,5,2020-09-12
2020-09-12 05:00:00,2076971.565,6,2020-09-12
2020-09-12 06:00:00,2241654.244,7,2020-09-12
2020-09-12 07:00:00,2599033.779,8,2020-09-12
2020-09-12 08:00:00,3187780.361,9,2020-09-12
2020-09-12 09:00:00,3407836.832,10,2020-09-12
2020-09-12 10:00:00,3452178.955,11,2020-09-12
2020-09-12 11:00:00,3502422.923,12,2020-09-12
2020-09-12 12:00:00,3383343.835,13,2020-09-12
2020-09-12 13:00:00,3282121.028,14,2020-09-12
2020-09-12 14:00:00,3374344.359,15,2020-09-12
2020-09-12 15:00:00,3450307.758,16,2020-09-12
2020-09-12 16:00:00,3614536.135,17,2020-09-12
2020-09-12 17:00:00,3817628.012,18,2020-09-12
2020-09-12 18:00:00,4126781.173,19,2020-09-12
2020-09-12 19:00:00,4287202.454,20,2020-09-12
2020-09-12 20:00:00,4432391.23,21,2020-09-12
2020-09-12 21:00:00,4042691.233,22,2020-09-12
2020-09-12 22:00:00,3554900.518,23,2020-09-12
2020-09-12 23:00:00,3037078.806,24,2020-09-12
2020-09-13 00:00:00,2572113.885,1,2020-09-13
2020-09-13 01:00:00,2266646.885,2,2020-09-13
2020-09-13 02:00:00,2090571.174,3,2020-09-13
2020-09-13 03:00:00,1980982.554,4,2020-09-13
2020-09-13 04:00:00,1913406.274,5,2020-09-13
2020-09-13 05:00:00,1927255.13,6,2020-09-13
2020-09-13 06:00:00,2075596.531,7,2020-09-13
2020-09-13 07:00:00,2409504.719,8,2020-09-13
2020-09-13 08:00:00,2968839.802,9,2020-09-13
2020-09-13 09:00:00,3155075.992,10,2020-09-13
2020-09-13 10:00:00,3163002.52,11,2020-09-13
2020-09-13 11:00:00,3176259.572,12,2020-09-13
2020-09-13 12:00:00,3021774.017,13,2020-09-13
2020-09-13 13:00:00,2888914.642,14,2020-09-13
2020-09-13 14:00:00,2955405.686,15,2020-09-13
2020-09-13 15:00:00,3013527.595,16,2020-09-13
2020-09-13 16:00:00,3169556.151,17,2020-09-13
2020-09-13 17:00:00,3375525.887,18,2020-09-13
2020-09-13 18:00:00,3699688.395,19,2020-09-13
2020-09-13 19:00:00,3887870.102,20,2020-09-13
2020-09-13 20:00:00,4073720.551,21,2020-09-13
2020-09-13 21:00:00,3737248.811,22,2020-09-13
2020-09-13 22:00:00,3314436.952,23,2020-09-13
2020-09-13 23:00:00,2872071.115,24,2020-09-13
2020-09-14 00:00:00,2491350.36,1,2020-09-14
2020-09-14 01:00:00,2276871.399,2,2020-09-14
2020-09-14 02:00:00,2196201.494,3,2020-09-14
2020-09-14 03:00:00,2183914.223,4,2020-09-14
2020-09-14 04:00:00,2212909.959,5,2020-09-14
2020-09-14 05:00:00,2319971.448,6,2020-09-14
2020-09-14 06:00:00,2555628.31,7,2020-09-14
2020-09-14 07:00:00,2968602.633,8,2020-09-14
2020-09-14 08:00:00,3596673.351,9,2020-09-14
2020-09-14 09:00:00,3839578.678,10,2020-09-14
2020-09-14 10:00:00,3890776.476,11,2020-09-14
2020-09-14 11:00:00,3933023.431,12,2020-09-14
2020-09-14 12:00:00,3792835.672,13,2020-09-14
2020-09-14 13:00:00,3659649.876,14,2020-09-14
2020-09-14 14:00:00,3711724.028,15,2020-09-14
2020-09-14 15:00:00,3742307.17,16,2020-09-14
2020-09-14 16:00:00,3859031.268,17,2020-09-14
2020-09-14 17:00:00,4015613.336,18,2020-09-14
2020-09-14 18:00:00,4282241.222,19,2020-09-14
2020-09-14 19:00:00,4406851.104,20,2020-09-14
2020-09-14 20:00:00,4525290.978,21,2020-09-14
2020-09-14 21:00:00,4119771.918,22,2020-09-14
2020-09-14 22:00:00,3628399.084,23,2020-09-14
2020-09-14 23:00:00,3119926.863,24,2020-09-14
2020-09-15 00:00:00,2677301.118,1,2020-09-15
2020-09-15 01:00:00,2406589.213,2,2020-09-15
2020-09-15 02:00:00,2276511.998,3,2020-09-15
2020-09-15 03:00:00,2222453.732,4,2020-09-15
2020-09-15 04:00:00,2217772.299,5,2020-09-15
2020-09-15 05:00:00,2299359.946,6,2020-09-15
2020-09-15 06:00:00,2517527.451,7,2020-09-15
2020-09-15 07:00:00,2920482.449,8,2020-09-15
2020-09-15 08:00:00,3545237.474,9,2020-09-15
2020-09-15 09:00:00,3790564.661,10,2020-09-15
2020-09-15 10:00:00,3848813.966,11,2020-09-15
2020-09-15 11:00:00,3901553.159,12,2020-09-15
2020-09-15 12:00:00,3774089.036,13,2020-09-15
2020-09-15 13:00:00,3654686.134,14,2020-09-15
2020-09-15 14:00:00,3720519.634,15,2020-09-15
2020-09-15 15:00:00,3763889.433,16,2020-09-15
2020-09-15 16:00:00,3891646.924,17,2020-09-15
2020-09-15 17:00:00,4056921.353,18,2020-09-15
2020-09-15 18:00:00,4329518.559,19,2020-09-15
2020-09-15 19:00:00,4457200.138,20,2020-09-15
2020-09-15 20:00:00,4575837.755,21,2020-09-15
2020-09-15 21:00:00,4167845.591,22,2020-09-15
2020-09-15 22:00:00,3671684.211,23,2020-09-15
2020-09-15 23:00:00,3156582.267,24,2020-09-15
2020-09-16 00:00:00,2706041.027,1,2020-09-16
2020-09-16 01:00:00,2426724.671,2,2020-09-16
2020-09-16 02:00:00,2287952.77,3,2020-09-16
2020-09-16 03:00:00,2225673.091,4,2020-09-16
2020-09-16 04:00:00,2213739.008,5,2020-09-16
2020-09-16 05:00:00,2289443.362,6,2020-09-16
2020-09-16 06:00:00,2503382.909,7,2020-09-16
2020-09-16 07:00:00,2903924.891,8,2020-09-16
2020-09-16 08:00:00,3528111.568,9,2020-09-16
2020-09-16 09:00:00,3774619.573,10,2020-09-16
2020-09-16 10:00:00,3835590.241,11,2020-09-16
2020-09-16 11:00:00,3892288.27,12,2020-09-16
2020-09-16 12:00:00,3769646.746,13,2020-09-16
2020-09-16 13:00:00,3655513.216,14,2020-09-16
2020-09-16 14:00:00,3726631.771,15,2020-09-16
2020-09-16 15:00:00,3774886.278,16,2020-09-16
2020-09-16 16:00:00,3906754.511,17,2020-09-16
2020-09-16 17:00:00,4075058.489,18,2020-09-16
2020-09-16 18:00:00,4349382.384,19,2020-09-16
2020-09-16 19:00:00,4477364.997,20,2020-09-16
2020-09-16 20:00:00,4594860.801,21,2020-09-16
2020-09-16 21:00:00,4184372.252,22,2020-09-16
2020-09-16 22:00:00,3684546.743,23,2020-09-16
2020-09-16 23:00:00,3164885.123,24,2020-09-16
2020-09-17 00:00:00,2709227.685,1,2020-09-17
2020-09-17 01:00:00,2424621.71,2,2020-09-17
2020-09-17 02:00:00,2280788.452,3,2020-09-17
2020-09-17 03:00:00,2214069.283,4,2020-09-17
2020-09-17 04:00:00,2198676.932,5,2020-09-17
2020-09-17 05:00:00,2272205.289,6,2020-09-17
2020-09-17 06:00:00,2485473.403,7,2020-09-17
2020-09-17 07:00:00,2886976.484,8,2020-09-17
2020-09-17 08:00:00,3513780.735,9,2020-09-17
2020-09-17 09:00:00,3764479.514,10,2020-09-17
2020-09-17 10:00:00,3831027.235,11,2020-09-17
2020-09-17 11:00:00,3894408.203,12,2020-09-17
2020-09-17 12:00:00,3779197.877,13,2020-09-17
2020-09-17 13:00:00,3672830.32,14,2020-09-17
2020-09-17 14:00:00,3751605.568,15,2020-09-17
2020-09-17 15:00:00,3806960.547,16,2020-09-17
2020-09-17 16:00:00,3944951.674,17,2020-09-17
2020-09-17 17:00:00,4118032.685,18,2020-09-17
2020-09-17 18:00:00,4395497.371,19,2020-09-17
2020-09-17 19:00:00,4524792.639,20,2020-09-17
2020-09-17 20:00:00,4641694.534,21,2020-09-17
2020-09-17 21:00:00,4228748.869,22,2020-09-17
2020-09-17 22:00:00,3724769.121,23,2020-09-17
2020-09-17 23:00:00,3199538.267,24,2020-09-17
2020-09-18 00:00:00,2737280.583,1,2020-09-18
2020-09-18 01:00:00,2445508.106,2,2020-09-18
2020-09-18 02:00:00,2294460.65,3,2020-09-18
2020-09-18 03:00:00,2221020.46,4,2020-09-18
2020-09-18 04:00:00,2199929.131,5,2020-09-18
2020-09-18 05:00:00,2269262.137,6,2020-09-18
2020-09-18 06:00:00,2480238.626,7,2020-09-18
2020-09-18 07:00:00,2881641.278,8,2020-09-18
2020-09-18 08:00:00,3510684.986,9,2020-09-18
2020-09-18 09:00:00,3765953.552,10,2020-09-18
2020-09-18 10:00:00,3839222.187,11,2020-09-18
2020-09-18 11:00:00,3911124.014,12,2020-09-18
2020-09-18 12:00:00,3805718.614,13,2020-09-18
2020-09-18 13:00:00,3709776.379,14,2020-09-18
2020-09-18 14:00:00,3798811.958,15,2020-09-18
2020-09-18 15:00:00,3863389.4,16,2020-09-18
2020-09-18 16:00:00,4008645.69,17,2020-09-18
2020-09-18 17:00:00,4186114.334,18,2020-09-18
2020-09-18 18:00:00,4464216.494,19,2020-09-18
2020-09-18 19:00:00,4589622.674,20,2020-09-18
2020-09-18 20:00:00,4697475.073,21,2020-09-18
2020-09-18 21:00:00,4269869.804,22,2020-09-18
2020-09-18 22:00:00,3745389.263,23,2020-09-18
2020-09-18 23:00:00,3193829.323,24,2020-09-18
2020-09-19 00:00:00,2699685.692,1,2020-09-19
2020-09-19 01:00:00,2371002.985,2,2020-09-19
2020-09-19 02:00:00,2178804.788,3,2020-09-19
2020-09-19 03:00:00,2060985.806,4,2020-09-19
2020-09-19 04:00:00,1993494.336,5,2020-09-19
2020-09-19 05:00:00,2015761.66,6,2020-09-19
2020-09-19 06:00:00,2180457.796,7,2020-09-19
2020-09-19 07:00:00,2537850.715,8,2020-09-19
2020-09-19 08:00:00,3126610.451,9,2020-09-19
2020-09-19 09:00:00,3346680.264,10,2020-09-19
2020-09-19 10:00:00,3391035.714,11,2020-09-19
2020-09-19 11:00:00,3441292.957,12,2020-09-19
2020-09-19 12:00:00,3322227.155,13,2020-09-19
2020-09-19 13:00:00,3221017.44,14,2020-09-19
2020-09-19 14:00:00,3313253.821,15,2020-09-19
2020-09-19 15:00:00,3389230.284,16,2020-09-19
2020-09-19 16:00:00,3553471.738,17,2020-09-19
2020-09-19 17:00:00,3756576.729,18,2020-09-19
2020-09-19 18:00:00,4065742.942,19,2020-09-19
2020-09-19 19:00:00,4226177.326,20,2020-09-19
2020-09-19 20:00:00,4371379.05,21,2020-09-19
2020-09-19 21:00:00,3981692.022,22,2020-09-19
2020-09-19 22:00:00,3493914.269,23,2020-09-19
2020-09-19 23:00:00,2976105.469,24,2020-09-19
2020-09-20 00:00:00,2511153.41,1,2020-09-20
2020-09-20 01:00:00,2205699.263,2,2020-09-20
2020-09-20 02:00:00,2029636.415,3,2020-09-20
2020-09-20 03:00:00,1920060.684,4,2020-09-20
2020-09-20 04:00:00,1852497.32,5,2020-09-20
2020-09-20 05:00:00,1866359.111,6,2020-09-20
2020-09-20 06:00:00,2014713.44,7,2020-09-20
2020-09-20 07:00:00,2348634.576,8,2020-09-20
2020-09-20 08:00:00,2907982.578,9,2020-09-20
2020-09-20 09:00:00,3094231.796,10,2020-09-20
2020-09-20 10:00:00,3102171.399,11,2020-09-20
2020-09-20 11:00:00,3115441.56,12,2020-09-20
2020-09-20 12:00:00,2960969.175,13,2020-09-20
2020-09-20 13:00:00,2828122.966,14,2020-09-20
2020-09-20 14:00:00,2894627.222,15,2020-09-20
2020-09-20 15:00:00,2952762.411,16,2020-09-20
2020-09-20 16:00:00,3108804.319,17,2020-09-20
2020-09-20 17:00:00,3314787.488,18,2020-09-20
2020-09-20 18:00:00,3638963.479,19,2020-09-20
2020-09-20 19:00:00,3827158.76,20,2020-09-20
2020-09-20 20:00:00,4013022.81,21,2020-09-20
2020-09-20 21:00:00,3676564.758,22,2020-09-20
2020-09-20 22:00:00,3253766.665,23,2020-09-20
2020-09-20 23:00:00,2811414.663,24,2020-09-20
2020-09-21 00:00:00,2430707.814,1,2020-09-21
2020-09-21 01:00:00,2216242.846,2,2020-09-21
2020-09-21 02:00:00,2135587.029,3,2020-09-21
2020-09-21 03:00:00,2123313.951,4,2020-09-21
2020-09-21 04:00:00,2152323.985,5,2020-09-21
2020-09-21 05:00:00,2259399.879,6,2020-09-21
2020-09-21 06:00:00,2495071.246,7,2020-09-21
2020-09-21 07:00:00,2908060.187,8,2020-09-21
2020-09-21 08:00:00,3536145.622,9,2020-09-21
2020-09-21 09:00:00,3779065.812,10,2020-09-21
2020-09-21 10:00:00,3830278.601,11,2020-09-21
2020-09-21 11:00:00,3872540.674,12,2020-09-21
2020-09-21 12:00:00,3732368.172,13,2020-09-21
2020-09-21 13:00:00,3599197.752,14,2020-09-21
2020-09-21 14:00:00,3651287.42,15,2020-09-21
2020-09-21 15:00:00,3681886.226,16,2020-09-21
2020-09-21 16:00:00,3798626.141,17,2020-09-21
2020-09-21 17:00:00,3955224.184,18,2020-09-21
2020-09-21 18:00:00,4221868.196,19,2020-09-21
2020-09-21 19:00:00,4346494.371,20,2020-09-21
2020-09-21 20:00:00,4464950.685,21,2020-09-21
2020-09-21 21:00:00,4059448.236,22,2020-09-21
2020-09-21 22:00:00,3568092.183,23,2020-09-21
2020-09-21 23:00:00,3059636.913,24,2020-09-21
2020-09-22 00:00:00,2617028.293,1,2020-09-22
2020-09-22 01:00:00,2346333.693,2,2020-09-22
2020-09-22 02:00:00,2216273.97,3,2020-09-22
2020-09-22 03:00:00,2162233.387,4,2020-09-22
2020-09-22 04:00:00,2157569.833,5,2020-09-22
2020-09-22 05:00:00,2239175.556,6,2020-09-22
2020-09-22 06:00:00,2457361.336,7,2020-09-22
2020-09-22 07:00:00,2860334.814,8,2020-09-22
2020-09-22 08:00:00,3485108.522,9,2020-09-22
2020-09-22 09:00:00,3730454.612,10,2020-09-22
2020-09-22 10:00:00,3788723.039,11,2020-09-22
2020-09-22 11:00:00,3841481.574,12,2020-09-22
2020-09-22 12:00:00,3714037.02,13,2020-09-22
2020-09-22 13:00:00,3594653.91,14,2020-09-22
2020-09-22 14:00:00,3660507.432,15,2020-09-22
2020-09-22 15:00:00,3703897.492,16,2020-09-22
2020-09-22 16:00:00,3831675.485,17,2020-09-22
2020-09-22 17:00:00,3996970.662,18,2020-09-22
2020-09-22 18:00:00,4269588.862,19,2020-09-22
2020-09-22 19:00:00,4397291.689,20,2020-09-22
2020-09-22 20:00:00,4515950.804,21,2020-09-22
2020-09-22 21:00:00,4107980.397,22,2020-09-22
2020-09-22 22:00:00,3611841.038,23,2020-09-22
2020-09-22 23:00:00,3096761.379,24,2020-09-22
2020-09-23 00:00:00,2646242.693,1,2020-09-23
2020-09-23 01:00:00,2366949.166,2,2020-09-23
2020-09-23 02:00:00,2228200.37,3,2020-09-23
2020-09-23 03:00:00,2165944.08,4,2020-09-23
2020-09-23 04:00:00,2154033.672,5,2020-09-23
2020-09-23 05:00:00,2229761.99,6,2020-09-23
2020-09-23 06:00:00,2443725.793,7,2020-09-23
2020-09-23 07:00:00,2844292.329,8,2020-09-23
2020-09-23 08:00:00,3468503.858,9,2020-09-23
2020-09-23 09:00:00,3715037.022,10,2020-09-23
2020-09-23 10:00:00,3776033.158,11,2020-09-23
2020-09-23 11:00:00,3832756.968,12,2020-09-23
2020-09-23 12:00:00,3710141.541,13,2020-09-23
2020-09-23 13:00:00,3596034.425,14,2020-09-23
2020-09-23 14:00:00,3667179.719,15,2020-09-23
2020-09-23 15:00:00,3715461.291,16,2020-09-23
2020-09-23 16:00:00,3847356.921,17,2020-09-23
2020-09-23 17:00:00,4015688.632,18,2020-09-23
2020-09-23 18:00:00,4290040.598,19,2020-09-23
2020-09-23 19:00:00,4418051.625,20,2020-09-23
2020-09-23 20:00:00,4535576.186,21,2020-09-23
2020-09-23 21:00:00,4125116.746,22,2020-09-23
2020-09-23 22:00:00,3625320.698,23,2020-09-23
2020-09-23 23:00:00,3105688.896,24,2020-09-23
2020-09-24 00:00:00,2650061.637,1,2020-09-24
2020-09-24 01:00:00,2365486.205,2,2020-09-24
2020-09-24 02:00:00,2221683.858,3,2020-09-24
2020-09-24 03:00:00,2154995.972,4,2020-09-24
2020-09-24 04:00:00,2139635.28,5,2020-09-24
2020-09-24 05:00:00,2213195.675,6,2020-09-24
2020-09-24 06:00:00,2426496.21,7,2020-09-24
2020-09-24 07:00:00,2828032.099,8,2020-09-24
2020-09-24 08:00:00,3454869.546,9,2020-09-24
2020-09-24 09:00:00,3705601.918,10,2020-09-24
2020-09-24 10:00:00,3772183.628,11,2020-09-24
2020-09-24 11:00:00,3835598.987,12,2020-09-24
2020-09-24 12:00:00,3720423.458,13,2020-09-24
2020-09-24 13:00:00,3614091.105,14,2020-09-24
2020-09-24 14:00:00,3692901.969,15,2020-09-24
2020-09-24 15:00:00,3748292.98,16,2020-09-24
2020-09-24 16:00:00,3886320.558,17,2020-09-24
2020-09-24 17:00:00,4059438.444,18,2020-09-24
2020-09-24 18:00:00,4336940.43,19,2020-09-24
2020-09-24 19:00:00,4466273.43,20,2020-09-24
2020-09-24 20:00:00,4583213.489,21,2020-09-24
2020-09-24 21:00:00,4170306.426,22,2020-09-24
2020-09-24 22:00:00,3666365.72,23,2020-09-24
2020-09-24 23:00:00,3141174.353,24,2020-09-24
2020-09-25 00:00:00,2678956.603,1,2020-09-25
2020-09-25 01:00:00,2387224.512,2,2020-09-25
2020-09-25 02:00:00,2236217.896,3,2020-09-25
2020-09-25 03:00:00,2162819.005,4,2020-09-25
2020-09-25 04:00:00,2141769.436,5,2020-09-25
2020-09-25 05:00:00,2211144.669,6,2020-09-25
2020-09-25 06:00:00,2422163.853,7,2020-09-25
2020-09-25 07:00:00,2823609.672,8,2020-09-25
2020-09-25 08:00:00,3452697.023,9,2020-09-25
2020-09-25 09:00:00,3708009.712,10,2020-09-25
2020-09-25 10:00:00,3781322.951,11,2020-09-25
2020-09-25 11:00:00,3853269.87,12,2020-09-25
2020-09-25 12:00:00,3747910.051,13,2020-09-25
2020-09-25 13:00:00,3652013.889,14,2020-09-25
2020-09-25 14:00:00,3741096.038,15,2020-09-25
2020-09-25 15:00:00,3805720.55,16,2020-09-25
2020-09-25 16:00:00,3951024.413,17,2020-09-25
2020-09-25 17:00:00,4128541.136,18,2020-09-25
2020-09-25 18:00:00,4406691.886,19,2020-09-25
2020-09-25 19:00:00,4532147.167,20,2020-09-25
2020-09-25 20:00:00,4640049.185,21,2020-09-25
2020-09-25 21:00:00,4212494.054,22,2020-09-25
2020-09-25 22:00:00,3688064.176,23,2020-09-25
2020-09-25 23:00:00,3136555.424,24,2020-09-25
2020-09-26 00:00:00,2642463.51,1,2020-09-26
2020-09-26 01:00:00,2313833.054,2,2020-09-26
2020-09-26 02:00:00,2121687.644,3,2020-09-26
2020-09-26 03:00:00,2003921.989,4,2020-09-26
2020-09-26 04:00:00,1936484.388,5,2020-09-26
2020-09-26 05:00:00,1958806.128,6,2020-09-26
2020-09-26 06:00:00,2123557.228,7,2020-09-26
2020-09-26 07:00:00,2481005.664,8,2020-09-26
2020-09-26 08:00:00,3069821.472,9,2020-09-26
2020-09-26 09:00:00,3289947.916,10,2020-09-26
2020-09-26 10:00:00,3334360.56,11,2020-09-26
2020-09-26 11:00:00,3384675.561,12,2020-09-26
2020-09-26 12:00:00,3265668.086,13,2020-09-26
2020-09-26 13:00:00,3164517.269,14,2020-09-26
2020-09-26 14:00:00,3256813.122,15,2020-09-26
2020-09-26 15:00:00,3332849.635,16,2020-09-26
2020-09-26 16:00:00,3497151.721,17,2020-09-26
2020-09-26 17:00:00,3700317.926,18,2020-09-26
2020-09-26 18:00:00,4009545.941,19,2020-09-26
2020-09-26 19:00:00,4170042.716,20,2020-09-26
2020-09-26 20:00:00,4315307.424,21,2020-09-26
2020-09-26 21:00:00,3925683.976,22,2020-09-26
2020-09-26 22:00:00,3437970.403,23,2020-09-26
2020-09-26 23:00:00,2920226.384,24,2020-09-26
2020-09-27 00:00:00,2455339.71,1,2020-09-27
2020-09-27 01:00:00,2149951.557,2,2020-09-27
2020-09-27 02:00:00,1973955.314,3,2020-09-27
2020-09-27 03:00:00,1864446.802,4,2020-09-27
2020-09-27 04:00:00,1796951.273,5,2020-09-27
2020-09-27 05:00:00,1810881.518,6,2020-09-27
2020-09-27 06:00:00,1959304.925,7,2020-09-27
2020-09-27 07:00:00,2293295.764,8,2020-09-27
2020-09-27 08:00:00,2852714.097,9,2020-09-27
2020-09-27 09:00:00,3039034.277,10,2020-09-27
2020-09-27 10:00:00,3047045.475,11,2020-09-27
2020-09-27 11:00:00,3060387.87,12,2020-09-27
2020-09-27 12:00:00,2905988.357,13,2020-09-27
2020-09-27 13:00:00,2773215.662,14,2020-09-27
2020-09-27 14:00:00,2839794.079,15,2020-09-27
2020-09-27 15:00:00,2898004.076,16,2020-09-27
2020-09-27 16:00:00,3054121.442,17,2020-09-27
2020-09-27 17:00:00,3260180.722,18,2020-09-27
2020-09-27 18:00:00,3584433.481,19,2020-09-27
2020-09-27 19:00:00,3772706.189,20,2020-09-27
2020-09-27 20:00:00,3958648.327,21,2020-09-27
2020-09-27 21:00:00,3622269.027,22,2020-09-27
2020-09-27 22:00:00,3199550.353,23,2020-09-27
2020-09-27 23:00:00,2757278.439,24,2020-09-27
2020-09-28 00:00:00,2376652.351,1,2020-09-28
2020-09-28 01:00:00,2162268.817,2,2020-09-28
2020-09-28 02:00:00,2081695.113,3,2020-09-28
2020-09-28 03:00:00,2069504.827,4,2020-09-28
2020-09-28 04:00:00,2098598.335,5,2020-09-28
2020-09-28 05:00:00,2205758.388,6,2020-09-28
2020-09-28 06:00:00,2441514.602,7,2020-09-28
2020-09-28 07:00:00,2854589.08,8,2020-09-28
2020-09-28 08:00:00,3482760.742,9,2020-09-28
2020-09-28 09:00:00,3725767.856,10,2020-09-28
2020-09-28 10:00:00,3777068.266,11,2020-09-28
2020-09-28 11:00:00,3819418.66,12,2020-09-28
2020-09-28 12:00:00,3679335.18,13,2020-09-28
2020-09-28 13:00:00,3546254.488,14,2020-09-28
2020-09-28 14:00:00,3598434.59,15,2020-09-28
2020-09-28 15:00:00,3629124.539,16,2020-09-28
2020-09-28 16:00:00,3745956.308,17,2020-09-28
2020-09-28 17:00:00,3902646.92,18,2020-09-28
2020-09-28 18:00:00,4169384.218,19,2020-09-28
2020-09-28 19:00:00,4294104.395,20,2020-09-28
2020-09-28 20:00:00,4412655.434,21,2020-09-28
2020-09-28 21:00:00,4007248.432,22,2020-09-28
2020-09-28 22:00:00,3515988.552,23,2020-09-28
2020-09-28 23:00:00,3007630.183,24,2020-09-28
2020-09-29 00:00:00,2565119.192,1,2020-09-29
2020-09-29 01:00:00,2294522.954,2,2020-09-29
2020-09-29 02:00:00,2164562.327,3,2020-09-29
2020-09-29 03:00:00,2110621.576,4,2020-09-29
2020-09-29 04:00:00,2106058.592,5,2020-09-29
2020-09-29 05:00:00,2187765.627,6,2020-09-29
2020-09-29 06:00:00,2406053.46,7,2020-09-29
2020-09-29 07:00:00,2809129.736,8,2020-09-29
2020-09-29 08:00:00,3434006.989,9,2020-09-29
2020-09-29 09:00:00,3679457.372,10,2020-09-29
2020-09-29 10:00:00,3737830.843,11,2020-09-29
2020-09-29 11:00:00,3790695.176,12,2020-09-29
2020-09-29 12:00:00,3663357.173,13,2020-09-29
2020-09-29 13:00:00,3544081.371,14,2020-09-29
2020-09-29 14:00:00,3610042.96,15,2020-09-29
2020-09-29 15:00:00,3653541.848,16,2020-09-29
2020-09-29 16:00:00,3781429.431,17,2020-09-29
2020-09-29 17:00:00,3946834.961,18,2020-09-29
2020-09-29 18:00:00,4219564.282,19,2020-09-29
2020-09-29 19:00:00,4347378.996,20,2020-09-29
2020-09-29 20:00:00,4466150.77,21,2020-09-29
2020-09-29 21:00:00,4058293.793,22,2020-09-29
2020-09-29 22:00:00,3562268.637,23,2020-09-29
2020-09-29 23:00:00,3047303.956,24,2020-09-29
2020-09-30 00:00:00,2596901.026,1,2020-09-30
2020-09-30 01:00:00,2317724.033,2,2020-09-30
2020-09-30 02:00:00,2179092.552,3,2020-09-30
2020-09-30 03:00:00,2116954.358,4,2020-09-30
2020-09-30 04:00:00,2105162.83,5,2020-09-30
2020-09-30 05:00:00,2181010.813,6,2020-09-30
2020-09-30 06:00:00,2395095.069,7,2020-09-30
2020-09-30 07:00:00,2795782.846,8,2020-09-30
2020-09-30 08:00:00,3420116.407,9,2020-09-30
2020-09-30 09:00:00,3666772.394,10,2020-09-30
2020-09-30 10:00:00,3727892.146,11,2020-09-30
2020-09-30 11:00:00,3784740.367,12,2020-09-30
2020-09-30 12:00:00,3662250.148,13,2020-09-30
2020-09-30 13:00:00,3548269.037,14,2020-09-30
2020-09-30 14:00:00,3619541.135,15,2020-09-30
2020-09-30 15:00:00,3667950.313,16,2020-09-30
2020-09-30 16:00:00,3799974.351,17,2020-09-30
2020-09-30 17:00:00,3968435.273,18,2020-09-30
2020-09-30 18:00:00,4242917.254,19,2020-09-30
2020-09-30 19:00:00,4371059.104,20,2020-09-30
2020-09-30 20:00:00,4488715.295,21,2020-09-30
2020-09-30 21:00:00,4078388.294,22,2020-09-30
2020-09-30 22:00:00,3578725.495,23,2020-09-30
2020-09-30 23:00:00,3059227.754,24,2020-09-30
2020-10-01 00:00:00,2603735.367,1,2020-10-01
2020-10-01 01:00:00,2319295.623,2,2020-10-01
2020-10-01 02:00:00,2175629.779,3,2020-10-01
2020-10-01 03:00:00,2109079.212,4,2020-10-01
2020-10-01 04:00:00,2093856.656,5,2020-10-01
2020-10-01 05:00:00,2167556.006,6,2020-10-01
2020-10-01 06:00:00,2380996.316,7,2020-10-01
2020-10-01 07:00:00,2782672.802,8,2020-10-01
2020-10-01 08:00:00,3409651.668,9,2020-10-01
2020-10-01 09:00:00,3660526.28,10,2020-10-01
2020-10-01 10:00:00,3727251.057,11,2020-10-01
2020-10-01 11:00:00,3790810.306,12,2020-10-01
2020-10-01 12:00:00,3675779.494,13,2020-10-01
2020-10-01 13:00:00,3569592.685,14,2020-10-01
2020-10-01 14:00:00,3648549.921,15,2020-10-01
2020-10-01 15:00:00,3704088.133,16,2020-10-01
2020-10-01 16:00:00,3842263.743,17,2020-10-01
2020-10-01 17:00:00,4015530.491,18,2020-10-01
2020-10-01 18:00:00,4293182.172,19,2020-10-01
2020-10-01 19:00:00,4422665.698,20,2020-10-01
2020-10-01 20:00:00,4539757.117,21,2020-10-01
2020-10-01 21:00:00,4127002.248,22,2020-10-01
2020-10-01 22:00:00,3623214.572,23,2020-10-01
2020-10-01 23:00:00,3098177.07,24,2020-10-01
2020-10-02 00:00:00,2636114.021,1,2020-10-02
2020-10-02 01:00:00,2344537.469,2,2020-10-02
2020-10-02 02:00:00,2193687.23,3,2020-10-02
2020-10-02 03:00:00,2120445.555,4,2020-10-02
2020-10-02 04:00:00,2099554.041,5,2020-10-02
2020-10-02 05:00:00,2169088.168,6,2020-10-02
2020-10-02 06:00:00,2380267.087,7,2020-10-02
2020-10-02 07:00:00,2781873.482,8,2020-10-02
2020-10-02 08:00:00,3411122.251,9,2020-10-02
2020-10-02 09:00:00,3666597.2,10,2020-10-02
2020-10-02 10:00:00,3740073.543,11,2020-10-02
2020-10-02 11:00:00,3812184.408,12,2020-10-02
2020-10-02 12:00:00,3706989.378,13,2020-10-02
2020-10-02 13:00:00,3611258.851,14,2020-10-02
2020-10-02 14:00:00,3700507.478,15,2020-10-02
2020-10-02 15:00:00,3765299.313,16,2020-10-02
2020-10-02 16:00:00,3910771.345,17,2020-10-02
2020-10-02 17:00:00,4088457.084,18,2020-10-02
2020-10-02 18:00:00,4366777.694,19,2020-10-02
2020-10-02 19:00:00,4492403.683,20,2020-10-02
2020-10-02 20:00:00,4600477.256,21,2020-10-02
2020-10-02 21:00:00,4173094.526,22,2020-10-02
2020-10-02 22:00:00,3648837.896,23,2020-10-02
2020-10-02 23:00:00,3097503.24,24,2020-10-02
2020-10-03 00:00:00,2603586.27,1,2020-10-03
2020-10-03 01:00:00,2275131.605,2,2020-10-03
2020-10-03 02:00:00,2083162.836,3,2020-10-03
2020-10-03 03:00:00,1965574.668,4,2020-10-03
2020-10-03 04:00:00,1898315.404,5,2020-10-03
2020-10-03 05:00:00,1920816.328,6,2020-10-03
2020-10-03 06:00:00,2085747.462,7,2020-10-03
2020-10-03 07:00:00,2443376.78,8,2020-10-03
2020-10-03 08:00:00,3032374.319,9,2020-10-03
2020-10-03 09:00:00,3252683.342,10,2020-10-03
2020-10-03 10:00:00,3297279.414,11,2020-10-03
2020-10-03 11:00:00,3347778.691,12,2020-10-03
2020-10-03 12:00:00,3228956.341,13,2020-10-03
2020-10-03 13:00:00,3127991.498,14,2020-10-03
2020-10-03 14:00:00,3220474.172,15,2020-10-03
2020-10-03 15:00:00,3296698.355,16,2020-10-03
2020-10-03 16:00:00,3461188.959,17,2020-10-03
2020-10-03 17:00:00,3664544.531,18,2020-10-03
2020-10-03 18:00:00,3973962.759,19,2020-10-03
2020-10-03 19:00:00,4134650.595,20,2020-10-03
2020-10-03 20:00:00,4280107.212,21,2020-10-03
2020-10-03 21:00:00,3890676.52,22,2020-10-03
2020-10-03 22:00:00,3403156.549,23,2020-10-03
2020-10-03 23:00:00,2885606.979,24,2020-10-03
2020-10-04 00:00:00,2420915.6,1,2020-10-04
2020-10-04 01:00:00,2115723.588,2,2020-10-04
2020-10-04 02:00:00,1939924.331,3,2020-10-04
2020-10-04 03:00:00,1830613.651,4,2020-10-04
2020-10-04 04:00:00,1763316.797,5,2020-10-04
2020-10-04 05:00:00,1777446.563,6,2020-10-04
2020-10-04 06:00:00,1926070.334,7,2020-10-04
2020-10-04 07:00:00,2260262.379,8,2020-10-04
2020-10-04 08:00:00,2819882.762,9,2020-10-04
2020-10-04 09:00:00,3006405.834,10,2020-10-04
2020-10-04 10:00:00,3014620.766,11,2020-10-04
2020-10-04 11:00:00,3028167.735,12,2020-10-04
2020-10-04 12:00:00,2873973.638,13,2020-10-04
2020-10-04 13:00:00,2741407.198,14,2020-10-04
2020-10-04 14:00:00,2808192.709,15,2020-10-04
2020-10-04 15:00:00,2866610.639,16,2020-10-04
2020-10-04 16:00:00,3022936.776,17,2020-10-04
2020-10-04 17:00:00,3229205.665,18,2020-10-04
2020-10-04 18:00:00,3553668.869,19,2020-10-04
2020-10-04 19:00:00,3742152.857,20,2020-10-04
2020-10-04 20:00:00,3928307.11,21,2020-10-04
2020-10-04 21:00:00,3592140.76,22,2020-10-04
2020-10-04 22:00:00,3169635.869,23,2020-10-04
2020-10-04 23:00:00,2727578.571,24,2020-10-04
2020-10-05 00:00:00,2347167.93,1,2020-10-05
2020-10-05 01:00:00,2133000.675,2,2020-10-05
2020-10-05 02:00:00,2052644.079,3,2020-10-05
2020-10-05 03:00:00,2040671.73,4,2020-10-05
2020-10-05 04:00:00,2069984.003,5,2020-10-05
2020-10-05 05:00:00,2177363.649,6,2020-10-05
2020-10-05 06:00:00,2413340.281,7,2020-10-05
2020-10-05 07:00:00,2826636.002,8,2020-10-05
2020-10-05 08:00:00,3455029.732,9,2020-10-05
2020-10-05 09:00:00,3698259.737,10,2020-10-05
2020-10-05 10:00:00,3749783.859,11,2020-10-05
2020-10-05 11:00:00,3792358.787,12,2020-10-05
2020-10-05 12:00:00,3652500.66,13,2020-10-05
2020-10-05 13:00:00,3519646.139,14,2020-10-05
2020-10-05 14:00:00,3572053.231,15,2020-10-05
2020-10-05 15:00:00,3602970.986,16,2020-10-05
2020-10-05 16:00:00,3720031.376,17,2020-10-05
2020-10-05 17:00:00,3876951.422,18,2020-10-05
2020-10-05 18:00:00,4143918.967,19,2020-10-05
2020-10-05 19:00:00,4268870.203,20,2020-10-05
2020-10-05 20:00:00,4387653.11,21,2020-10-05
2020-10-05 21:00:00,3982478.785,22,2020-10-05
2020-10-05 22:00:00,3491452.39,23,2020-10-05
2020-10-05 23:00:00,2983328.311,24,2020-10-05
2020-10-06 00:00:00,2541052.416,1,2020-10-06
2020-10-06 01:00:00,2270692.076,2,2020-10-06
2020-10-06 02:00:00,2140968.149,3,2020-10-06
2020-10-06 03:00:00,2087264.9,4,2020-10-06
2020-10-06 04:00:00,2082940.216,5,2020-10-06
2020-10-06 05:00:00,2164886.348,6,2020-10-06
2020-10-06 06:00:00,2383414.074,7,2020-10-06
2020-10-06 07:00:00,2786731.038,8,2020-10-06
2020-10-06 08:00:00,3411849.772,9,2020-10-06
2020-10-06 09:00:00,3657542.427,10,2020-10-06
2020-10-06 10:00:00,3716158.961,11,2020-10-06
2020-10-06 11:00:00,3769267.143,12,2020-10-06
2020-10-06 12:00:00,3642173.777,13,2020-10-06
2020-10-06 13:00:00,3523143.396,14,2020-10-06
2020-10-06 14:00:00,3589351.19,15,2020-10-06
2020-10-06 15:00:00,3633097.065,16,2020-10-06
2020-10-06 16:00:00,3761232.413,17,2020-10-06
2020-10-06 17:00:00,3926886.488,18,2020-10-06
2020-10-06 18:00:00,4199865.13,19,2020-10-06
2020-10-06 19:00:00,4327929.94,20,2020-10-06
2020-10-06 20:00:00,4446952.581,21,2020-10-06
2020-10-06 21:00:00,4039347.243,22,2020-10-06
2020-10-06 22:00:00,3543574.496,23,2020-10-06
2020-10-06 23:00:00,3028862.991,24,2020-10-06
2020-10-07 00:00:00,2578714.002,1,2020-10-07
2020-10-07 01:00:00,2299791.713,2,2020-10-07
2020-10-07 02:00:00,2161415.699,3,2020-10-07
2020-10-07 03:00:00,2099533.731,4,2020-10-07
2020-10-07 04:00:00,2087999.187,5,2020-10-07
2020-10-07 05:00:00,2164104.91,6,2020-10-07
2020-10-07 06:00:00,2378447.66,7,2020-10-07
2020-10-07 07:00:00,2779394.681,8,2020-10-07
2020-10-07 08:00:00,3403988.237,9,2020-10-07
2020-10-07 09:00:00,3650904.967,10,2020-10-07
2020-10-07 10:00:00,3712286.208,11,2020-10-07
2020-10-07 11:00:00,3769396.662,12,2020-10-07
2020-10-07 12:00:00,3647169.416,13,2020-10-07
2020-10-07 13:00:00,3533452.018,14,2020-10-07
2020-10-07 14:00:00,3604988.566,15,2020-10-07
2020-10-07 15:00:00,3653662.929,16,2020-10-07
2020-10-07 16:00:00,3785952.885,17,2020-10-07
2020-10-07 17:00:00,3954680.456,18,2020-10-07
2020-10-07 18:00:00,4229429.815,19,2020-10-07
2020-10-07 19:00:00,4357839.767,20,2020-10-07
2020-10-07 20:00:00,4475764.786,21,2020-10-07
2020-10-07 21:00:00,4065707.333,22,2020-10-07
2020-10-07 22:00:00,3566314.803,23,2020-10-07
2020-10-07 23:00:00,3047088.047,24,2020-10-07
2020-10-08 00:00:00,2591867.361,1,2020-10-08
2020-10-08 01:00:00,2307700.028,2,2020-10-08
2020-10-08 02:00:00,2164307.307,3,2020-10-08
2020-10-08 03:00:00,2098030.57,4,2020-10-08
2020-10-08 04:00:00,2083082.549,5,2020-10-08
2020-10-08 05:00:00,2157057.137,6,2020-10-08
2020-10-08 06:00:00,2370773.386,7,2020-10-08
2020-10-08 07:00:00,2772726.507,8,2020-10-08
2020-10-08 08:00:00,3399982.704,9,2020-10-08
2020-10-08 09:00:00,3651135.341,10,2020-10-08
2020-10-08 10:00:00,3718138.832,11,2020-10-08
2020-10-08 11:00:00,3781977.484,12,2020-10-08
2020-10-08 12:00:00,3667226.759,13,2020-10-08
2020-10-08 13:00:00,3561320.72,14,2020-10-08
2020-10-08 14:00:00,3640559.407,15,2020-10-08
2020-10-08 15:00:00,3696379.747,16,2020-10-08
2020-10-08 16:00:00,3834838.159,17,2020-10-08
2020-10-08 17:00:00,4008388.382,18,2020-10-08
2020-10-08 18:00:00,4286324.207,19,2020-10-08
2020-10-08 19:00:00,4416092.545,20,2020-10-08
2020-10-08 20:00:00,4533469.439,21,2020-10-08
2020-10-08 21:00:00,4121000.707,22,2020-10-08
2020-10-08 22:00:00,3617499.827,23,2020-10-08
2020-10-08 23:00:00,3092749.777,24,2020-10-08
2020-10-09 00:00:00,2630974.833,1,2020-10-09
2020-10-09 01:00:00,2339687.036,2,2020-10-09
2020-10-09 02:00:00,2189126.201,3,2020-10-09
2020-10-09 03:00:00,2116174.573,4,2020-10-09
2020-10-09 04:00:00,2095573.749,5,2020-10-09
2020-10-09 05:00:00,2165399.205,6,2020-10-09
2020-10-09 06:00:00,2376870.09,7,2020-10-09
2020-10-09 07:00:00,2778769.084,8,2020-10-09
2020-10-09 08:00:00,3408311.082,9,2020-10-09
2020-10-09 09:00:00,3664079.888,10,2020-10-09
2020-10-09 10:00:00,3737850.712,11,2020-10-09
2020-10-09 11:00:00,3810256.681,12,2020-10-09
2020-10-09 12:00:00,3705357.373,13,2020-10-09
2020-10-09 13:00:00,3609923.184,14,2020-10-09
2020-10-09 14:00:00,3699468.762,15,2020-10-09
2020-10-09 15:00:00,3764558.158,16,2020-10-09
2020-10-09 16:00:00,3910328.358,17,2020-10-09
2020-10-09 17:00:00,4088312.868,18,2020-10-09
2020-10-09 18:00:00,4366932.85,19,2020-10-09
2020-10-09 19:00:00,4492858.809,20,2020-10-09
2020-10-09 20:00:00,4601232.945,21,2020-10-09
2020-10-09 21:00:00,4174151.371,22,2020-10-09
2020-10-09 22:00:00,3650196.485,23,2020-10-09
2020-10-09 23:00:00,3099164.158,24,2020-10-09
2020-10-10 00:00:00,2605550.1,1,2020-10-10
2020-10-10 01:00:00,2277398.925,2,2020-10-10
2020-10-10 02:00:00,2085734.222,3,2020-10-10
2020-10-10 03:00:00,1968450.693,4,2020-10-10
2020-10-10 04:00:00,1901496.636,5,2020-10-10
2020-10-10 05:00:00,1924303.334,6,2020-10-10
2020-10-10 06:00:00,2089540.805,7,2020-10-10
2020-10-10 07:00:00,2447477.019,8,2020-10-10
2020-10-10 08:00:00,3036782.011,9,2020-10-10
2020-10-10 09:00:00,3257399.04,10,2020-10-10
2020-10-10 10:00:00,3302303.668,11,2020-10-10
2020-10-10 11:00:00,3353112.047,12,2020-10-10
2020-10-10 12:00:00,3234599.343,13,2020-10-10
2020-10-10 13:00:00,3133944.685,14,2020-10-10
2020-10-10 14:00:00,3226738.082,15,2020-10-10
2020-10-10 15:00:00,3303273.52,16,2020-10-10
2020-10-10 16:00:00,3468075.909,17,2020-10-10
2020-10-10 17:00:00,3671743.791,18,2020-10-10
2020-10-10 18:00:00,3981474.855,19,2020-10-10
2020-10-10 19:00:00,4142476.045,20,2020-10-10
2020-10-10 20:00:00,4288246.532,21,2020-10-10
2020-10-10 21:00:00,3899130.222,22,2020-10-10
2020-10-10 22:00:00,3411925.144,23,2020-10-10
2020-10-10 23:00:00,2894690.972,24,2020-10-10
2020-10-11 00:00:00,2430315.494,1,2020-10-11
2020-10-11 01:00:00,2125439.881,2,2020-10-11
2020-10-11 02:00:00,1949957.519,3,2020-10-11
2020-10-11 03:00:00,1840964.225,4,2020-10-11
2020-10-11 04:00:00,1773985.246,5,2020-10-11
2020-10-11 05:00:00,1788433.372,6,2020-10-11
2020-10-11 06:00:00,1937375.983,7,2020-10-11
2020-10-11 07:00:00,2271887.348,8,2020-10-11
2020-10-11 08:00:00,2831827.524,9,2020-10-11
2020-10-11 09:00:00,3018670.859,10,2020-10-11
2020-10-11 10:00:00,3027206.522,11,2020-10-11
2020-10-11 11:00:00,3041074.684,12,2020-10-11
2020-10-11 12:00:00,2887202.24,13,2020-10-11
2020-10-11 13:00:00,2754957.91,14,2020-10-11
2020-10-11 14:00:00,2822065.983,15,2020-10-11
2020-10-11 15:00:00,2880806.924,16,2020-10-11
2020-10-11 16:00:00,3037456.517,17,2020-10-11
2020-10-11 17:00:00,3244049.303,18,2020-10-11
2020-10-11 18:00:00,3568836.842,19,2020-10-11
2020-10-11 19:00:00,3757645.6,20,2020-10-11
2020-10-11 20:00:00,3944125.053,21,2020-10-11
2020-10-11 21:00:00,3608284.329,22,2020-10-11
2020-10-11 22:00:00,3186105.487,23,2020-10-11
2020-10-11 23:00:00,2744374.657,24,2020-10-11
2020-10-12 00:00:00,2364290.9,1,2020-10-12
2020-10-12 01:00:00,2150450.94,2,2020-10-12
2020-10-12 02:00:00,2070422.047,3,2020-10-12
2020-10-12 03:00:00,2058777.806,4,2020-10-12
2020-10-12 04:00:00,2088418.587,5,2020-10-12
2020-10-12 05:00:00,2196127.137,6,2020-10-12
2020-10-12 06:00:00,2432433.067,7,2020-10-12
2020-10-12 07:00:00,2846058.474,8,2020-10-12
2020-10-12 08:00:00,3474782.275,9,2020-10-12
2020-10-12 09:00:00,3718342.732,10,2020-10-12
2020-10-12 10:00:00,3770197.684,11,2020-10-12
2020-10-12 11:00:00,3813103.815,12,2020-10-12
2020-10-12 12:00:00,3673577.262,13,2020-10-12
2020-10-12 13:00:00,3541054.68,14,2020-10-12
2020-10-12 14:00:00,3593794.073,15,2020-10-12
2020-10-12 15:00:00,3625044.486,16,2020-10-12
2020-10-12 16:00:00,3742437.89,17,2020-10-12
2020-10-12 17:00:00,3899691.299,18,2020-10-12
2020-10-12 18:00:00,4166992.554,19,2020-10-12
2020-10-12 19:00:00,4292277.842,20,2020-10-12
2020-10-12 20:00:00,4411395.139,21,2020-10-12
2020-10-12 21:00:00,4006555.54,22,2020-10-12
2020-10-12 22:00:00,3515864.2,23,2020-10-12
2020-10-12 23:00:00,3008075.504,24,2020-10-12
2020-10-13 00:00:00,2566135.313,1,2020-10-13
2020-10-13 01:00:00,2296110.998,2,2020-10-13
2020-10-13 02:00:00,2166723.409,3,2020-10-13
2020-10-13 03:00:00,2113356.809,4,2020-10-13
2020-10-13 04:00:00,2109369.081,5,2020-10-13
2020-10-13 05:00:00,2191652.471,6,2020-10-13
2020-10-13 06:00:00,2410517.755,7,2020-10-13
2020-10-13 07:00:00,2814172.571,8,2020-10-13
2020-10-13 08:00:00,3439629.448,9,2020-10-13
2020-10-13 09:00:00,3685660.533,10,2020-10-13
2020-10-13 10:00:00,3744615.778,11,2020-10-13
2020-10-13 11:00:00,3798062.951,12,2020-10-13
2020-10-13 12:00:00,3671308.85,13,2020-10-13
2020-10-13 13:00:00,3552618.006,14,2020-10-13
2020-10-13 14:00:00,3619165.602,15,2020-10-13
2020-10-13 15:00:00,3663251.541,16,2020-10-13
2020-10-13 16:00:00,3791727.213,17,2020-10-13
2020-10-13 17:00:00,3957721.865,18,2020-10-13
2020-10-13 18:00:00,4231041.334,19,2020-10-13
2020-10-13 19:00:00,4359447.218,20,2020-10-13
2020-10-13 20:00:00,4478811.175,21,2020-10-13
2020-10-13 21:00:00,4071547.39,22,2020-10-13
2020-10-13 22:00:00,3576116.43,23,2020-10-13
2020-10-13 23:00:00,3061746.942,24,2020-10-13
2020-10-14 00:00:00,2611940.195,1,2020-10-14
2020-10-14 01:00:00,2333360.37,2,2020-10-14
2020-10-14 02:00:00,2195327.036,3,2020-10-14
2020-10-14 03:00:00,2133787.963,4,2020-10-14
2020-10-14 04:00:00,2122596.522,5,2020-10-14
2020-10-14 05:00:00,2199045.554,6,2020-10-14
2020-10-14 06:00:00,2413731.812,7,2020-10-14
2020-10-14 07:00:00,2815022.54,8,2020-10-14
2020-10-14 08:00:00,3439959.994,9,2020-10-14
2020-10-14 09:00:00,3687220.81,10,2020-10-14
2020-10-14 10:00:00,3748946.322,11,2020-10-14
2020-10-14 11:00:00,3806401.226,12,2020-10-14
2020-10-14 12:00:00,3684518.606,13,2020-10-14
2020-10-14 13:00:00,3571146.006,14,2020-10-14
2020-10-14 14:00:00,3643027.52,15,2020-10-14
2020-10-14 15:00:00,3692047.012,16,2020-10-14
2020-10-14 16:00:00,3824682.256,17,2020-10-14
2020-10-14 17:00:00,3993755.269,18,2020-10-14
2020-10-14 18:00:00,4268850.222,19,2020-10-14
2020-10-14 19:00:00,4397605.915,20,2020-10-14
2020-10-14 20:00:00,4515876.816,21,2020-10-14
2020-10-14 21:00:00,4106165.385,22,2020-10-14
2020-10-14 22:00:00,3607119.009,23,2020-10-14
2020-10-14 23:00:00,3088238.538,24,2020-10-14
2020-10-15 00:00:00,2633364.262,1,2020-10-15
2020-10-15 01:00:00,2349543.461,2,2020-10-15
2020-10-15 02:00:00,2206497.388,3,2020-10-15
2020-10-15 03:00:00,2140567.413,4,2020-10-15
2020-10-15 04:00:00,2125966.263,5,2020-10-15
2020-10-15 05:00:00,2200287.827,6,2020-10-15
2020-10-15 06:00:00,2414351.151,7,2020-10-15
2020-10-15 07:00:00,2816651.443,8,2020-10-15
2020-10-15 08:00:00,3444254.904,9,2020-10-15
2020-10-15 09:00:00,3695754.892,10,2020-10-15
2020-10-15 10:00:00,3763105.818,11,2020-10-15
2020-10-15 11:00:00,3827291.984,12,2020-10-15
2020-10-15 12:00:00,3712888.848,13,2020-10-15
2020-10-15 13:00:00,3607330.47,14,2020-10-15
2020-10-15 14:00:00,3686916.883,15,2020-10-15
2020-10-15 15:00:00,3743085.011,16,2020-10-15
2020-10-15 16:00:00,3881891.271,17,2020-10-15
2020-10-15 17:00:00,4055789.395,18,2020-10-15
2020-10-15 18:00:00,4334073.17,19,2020-10-15
2020-10-15 19:00:00,4464189.504,20,2020-10-15
2020-10-15 20:00:00,4581914.436,21,2020-10-15
2020-10-15 21:00:00,4169793.778,22,2020-10-15
2020-10-15 22:00:00,3666641.005,23,2020-10-15
2020-10-15 23:00:00,3142239.09,24,2020-10-15
2020-10-16 00:00:00,2680812.307,1,2020-10-16
2020-10-16 01:00:00,2389872.69,2,2020-10-16
2020-10-16 02:00:00,2239660.051,3,2020-10-16
2020-10-16 03:00:00,2167056.631,4,2020-10-16
2020-10-16 04:00:00,2146804.022,5,2020-10-16
2020-10-16 05:00:00,2216977.697,6,2020-10-16
2020-10-16 06:00:00,2428796.799,7,2020-10-16
2020-10-16 07:00:00,2831044.005,8,2020-10-16
2020-10-16 08:00:00,3460934.206,9,2020-10-16
2020-10-16 09:00:00,3717051.201,10,2020-10-16
2020-10-16 10:00:00,3791170.197,11,2020-10-16
2020-10-16 11:00:00,3863924.315,12,2020-10-16
2020-10-16 12:00:00,3759373.13,13,2020-10-16
2020-10-16 13:00:00,3664287.034,14,2020-10-16
2020-10-16 14:00:00,3754180.67,15,2020-10-16
2020-10-16 15:00:00,3819618.085,16,2020-10-16
2020-10-16 16:00:00,3965736.26,17,2020-10-16
2020-10-16 17:00:00,4144068.698,18,2020-10-16
2020-10-16 18:00:00,4423036.557,19,2020-10-16
2020-10-16 19:00:00,4549310.337,20,2020-10-16
2020-10-16 20:00:00,4658032.235,21,2020-10-16
2020-10-16 21:00:00,4231298.358,22,2020-10-16
2020-10-16 22:00:00,3707691.101,23,2020-10-16
2020-10-16 23:00:00,3157006.331,24,2020-10-16
2020-10-17 00:00:00,2663739.752,1,2020-10-17
2020-10-17 01:00:00,2335935.977,2,2020-10-17
2020-10-17 02:00:00,2144618.587,3,2020-10-17
2020-10-17 03:00:00,2027682.283,4,2020-10-17
2020-10-17 04:00:00,1961075.357,5,2020-10-17
2020-10-17 05:00:00,1984229.089,6,2020-10-17
2020-10-17 06:00:00,2149813.492,7,2020-10-17
2020-10-17 07:00:00,2508096.532,8,2020-10-17
2020-10-17 08:00:00,3097748.241,9,2020-10-17
2020-10-17 09:00:00,3318711.872,10,2020-10-17
2020-10-17 10:00:00,3363962.983,11,2020-10-17
2020-10-17 11:00:00,3415117.724,12,2020-10-17
2020-10-17 12:00:00,3296951.254,13,2020-10-17
2020-10-17 13:00:00,3196642.7,14,2020-10-17
2020-10-17 14:00:00,3289782.065,15,2020-10-17
2020-10-17 15:00:00,3366663.334,16,2020-10-17
2020-10-17 16:00:00,3531811.409,17,2020-10-17
2020-10-17 17:00:00,3735824.831,18,2020-10-17
2020-10-17 18:00:00,4045901.283,19,2020-10-17
2020-10-17 19:00:00,4207247.705,20,2020-10-17
2020-10-17 20:00:00,4353363.265,21,2020-10-17
2020-10-17 21:00:00,3964591.865,22,2020-10-17
2020-10-17 22:00:00,3477731.528,23,2020-10-17
2020-10-17 23:00:00,2960841.926,24,2020-10-17
2020-10-18 00:00:00,2496810.841,1,2020-10-18
2020-10-18 01:00:00,2192279.442,2,2020-10-18
2020-10-18 02:00:00,2017141.11,3,2020-10-18
2020-10-18 03:00:00,1908491.657,4,2020-10-18
2020-10-18 04:00:00,1841856.328,5,2020-10-18
2020-10-18 05:00:00,1856647.906,6,2020-10-18
2020-10-18 06:00:00,2005933.77,7,2020-10-18
2020-10-18 07:00:00,2340788.182,8,2020-10-18
2020-10-18 08:00:00,2901071.198,9,2020-10-18
2020-10-18 09:00:00,3088257.16,10,2020-10-18
2020-10-18 10:00:00,3097135.233,11,2020-10-18
2020-10-18 11:00:00,3111345.586,12,2020-10-18
2020-10-18 12:00:00,2957815.108,13,2020-10-18
2020-10-18 13:00:00,2825912.515,14,2020-10-18
2020-10-18 14:00:00,2893362.092,15,2020-10-18
2020-10-18 15:00:00,2952444.301,16,2020-10-18
2020-10-18 16:00:00,3109434.921,17,2020-10-18
2020-10-18 17:00:00,3316368.49,18,2020-10-18
2020-10-18 18:00:00,3641496.564,19,2020-10-18
2020-10-18 19:00:00,3830645.603,20,2020-10-18
2020-10-18 20:00:00,4017465.082,21,2020-10-18
2020-10-18 21:00:00,3681964.123,22,2020-10-18
2020-10-18 22:00:00,3260124.782,23,2020-10-18
2020-10-18 23:00:00,2818733.186,24,2020-10-18
2020-10-19 00:00:00,2438988.39,1,2020-10-19
2020-10-19 01:00:00,2225487.114,2,2020-10-19
2020-10-19 02:00:00,2145796.626,3,2020-10-19
2020-10-19 03:00:00,2134490.505,4,2020-10-19
2020-10-19 04:00:00,2164469.119,5,2020-10-19
2020-10-19 05:00:00,2272515.211,6,2020-10-19
2020-10-19 06:00:00,2509158.386,7,2020-10-19
2020-10-19 07:00:00,2923120.74,8,2020-10-19
2020-10-19 08:00:00,3552181.185,9,2020-10-19
2020-10-19 09:00:00,3796077.978,10,2020-10-19
2020-10-19 10:00:00,3848268.955,11,2020-10-19
2020-10-19 11:00:00,3891510.796,12,2020-10-19
2020-10-19 12:00:00,3752319.634,13,2020-10-19
2020-10-19 13:00:00,3620132.122,14,2020-10-19
2020-10-19 14:00:00,3673206.257,15,2020-10-19
2020-10-19 15:00:00,3704791.084,16,2020-10-19
2020-10-19 16:00:00,3822518.566,17,2020-10-19
2020-10-19 17:00:00,3980105.717,18,2020-10-19
2020-10-19 18:00:00,4247740.371,19,2020-10-19
2020-10-19 19:00:00,4373358.714,20,2020-10-19
2020-10-19 20:00:00,4492808.717,21,2020-10-19
2020-10-19 21:00:00,4088301.471,22,2020-10-19
2020-10-19 22:00:00,3597942.128,23,2020-10-19
2020-10-19 23:00:00,3090485.068,24,2020-10-19
2020-10-20 00:00:00,2648876.15,1,2020-10-20
2020-10-20 01:00:00,2379182.74,2,2020-10-20
2020-10-20 02:00:00,2250125.685,3,2020-10-20
2020-10-20 03:00:00,2197089.244,4,2020-10-20
2020-10-20 04:00:00,2193431.296,5,2020-10-20
2020-10-20 05:00:00,2276044.084,6,2020-10-20
2020-10-20 06:00:00,2495238.38,7,2020-10-20
2020-10-20 07:00:00,2899221.819,8,2020-10-20
2020-10-20 08:00:00,3525006.924,9,2020-10-20
2020-10-20 09:00:00,3771365.842,10,2020-10-20
2020-10-20 10:00:00,3830648.519,11,2020-10-20
2020-10-20 11:00:00,3884422.719,12,2020-10-20
2020-10-20 12:00:00,3757995.238,13,2020-10-20
2020-10-20 13:00:00,3639630.603,14,2020-10-20
2020-10-20 14:00:00,3706503.993,15,2020-10-20
2020-10-20 15:00:00,3750915.307,16,2020-10-20
2020-10-20 16:00:00,3879715.933,17,2020-10-20
2020-10-20 17:00:00,4046035.113,18,2020-10-20
2020-10-20 18:00:00,4319678.681,19,2020-10-20
2020-10-20 19:00:00,4448408.231,20,2020-10-20
2020-10-20 20:00:00,4568095.418,21,2020-10-20
2020-10-20 21:00:00,4161154.424,22,2020-10-20
2020-10-20 22:00:00,3666045.812,23,2020-10-20
2020-10-20 23:00:00,3151998.225,24,2020-10-20
2020-10-21 00:00:00,2702512.93,1,2020-10-21
2020-10-21 01:00:00,2424254.103,2,2020-10-21
2020-10-21 02:00:00,2286541.31,3,2020-10-21
2020-10-21 03:00:00,2225322.318,4,2020-10-21
2020-10-21 04:00:00,2214450.494,5,2020-10-21
2020-10-21 05:00:00,2291218.676,6,2020-10-21
2020-10-21 06:00:00,2506223.614,7,2020-10-21
2020-10-21 07:00:00,2907832.547,8,2020-10-21
2020-10-21 08:00:00,3533087.73,9,2020-10-21
2020-10-21 09:00:00,3780665.794,10,2020-10-21
2020-10-21 10:00:00,3842708.07,11,2020-10-21
2020-10-21 11:00:00,3900479.251,12,2020-10-21
2020-10-21 12:00:00,3778912.418,13,2020-10-21
2020-10-21 13:00:00,3665855.11,14,2020-10-21
2020-10-21 14:00:00,3738051.42,15,2020-10-21
2020-10-21 15:00:00,3787385.207,16,2020-10-21
2020-10-21 16:00:00,3920334.242,17,2020-10-21
2020-10-21 17:00:00,4089720.539,18,2020-10-21
2020-10-21 18:00:00,4365128.266,19,2020-10-21
2020-10-21 19:00:00,4494196.22,20,2020-10-21
2020-10-21 20:00:00,4612778.865,21,2020-10-21
2020-10-21 21:00:00,4203378.658,22,2020-10-21
2020-10-21 22:00:00,3704642.984,23,2020-10-21
2020-10-21 23:00:00,3186072.687,24,2020-10-21
2020-10-22 00:00:00,2731508.057,1,2020-10-22
2020-10-22 01:00:00,2447996.37,2,2020-10-22
2020-10-22 02:00:00,2305258.875,3,2020-10-22
2020-10-22 03:00:00,2239636.938,4,2020-10-22
2020-10-22 04:00:00,2225343.285,5,2020-10-22
2020-10-22 05:00:00,2299971.801,6,2020-10-22
2020-10-22 06:00:00,2514341.528,7,2020-10-22
2020-10-22 07:00:00,2916947.674,8,2020-10-22
2020-10-22 08:00:00,3544856.434,9,2020-10-22
2020-10-22 09:00:00,3796661.163,10,2020-10-22
2020-10-22 10:00:00,3864316.27,11,2020-10-22
2020-10-22 11:00:00,3928806.054,12,2020-10-22
2020-10-22 12:00:00,3814705.97,13,2020-10-22
2020-10-22 13:00:00,3709450.074,14,2020-10-22
2020-10-22 14:00:00,3789338.398,15,2020-10-22
2020-10-22 15:00:00,3845807.861,16,2020-10-22
2020-10-22 16:00:00,3984914.878,17,2020-10-22
2020-10-22 17:00:00,4159113.178,18,2020-10-22
2020-10-22 18:00:00,4437696.545,19,2020-10-22
2020-10-22 19:00:00,4568111.884,20,2020-10-22
2020-10-22 20:00:00,4686135.231,21,2020-10-22
2020-10-22 21:00:00,4274312.396,22,2020-10-22
2020-10-22 22:00:00,3771456.851,23,2020-10-22
2020-10-22 23:00:00,3247351.565,24,2020-10-22
2020-10-23 00:00:00,2786220.809,1,2020-10-23
2020-10-23 01:00:00,2495576.617,2,2020-10-23
2020-10-23 02:00:00,2345658.794,3,2020-10-23
2020-10-23 03:00:00,2273349.582,4,2020-10-23
2020-10-23 04:00:00,2253390.568,5,2020-10-23
2020-10-23 05:00:00,2323857.223,6,2020-10-23
2020-10-23 06:00:00,2535968.688,7,2020-10-23
2020-10-23 07:00:00,2938507.636,8,2020-10-23
2020-10-23 08:00:00,3568688.955,9,2020-10-23
2020-10-23 09:00:00,3825096.443,10,2020-10-23
2020-10-23 10:00:00,3899505.303,11,2020-10-23
2020-10-23 11:00:00,3972548.653,12,2020-10-23
2020-10-23 12:00:00,3868286.067,13,2020-10-23
2020-10-23 13:00:00,3773487.932,14,2020-10-23
2020-10-23 14:00:00,3863668.891,15,2020-10-23
2020-10-23 15:00:00,3929392.987,16,2020-10-23
2020-10-23 16:00:00,4075797.199,17,2020-10-23
2020-10-23 17:00:00,4254415.027,18,2020-10-23
2020-10-23 18:00:00,4533667.626,19,2020-10-23
2020-10-23 19:00:00,4660225.493,20,2020-10-23
2020-10-23 20:00:00,4769230.824,21,2020-10-23
2020-10-23 21:00:00,4342779.723,22,2020-10-23
2020-10-23 22:00:00,3819454.582,23,2020-10-23
2020-10-23 23:00:00,3269051.266,24,2020-10-23
2020-10-24 00:00:00,2776065.476,1,2020-10-24
2020-10-24 01:00:00,2448541.823,2,2020-10-24
2020-10-24 02:00:00,2257503.886,3,2020-10-24
2020-10-24 03:00:00,2140846.363,4,2020-10-24
2020-10-24 04:00:00,2074517.544,5,2020-10-24
2020-10-24 05:00:00,2097948.706,6,2020-10-24
2020-10-24 06:00:00,2263809.859,7,2020-10-24
2020-10-24 07:00:00,2622368.968,8,2020-10-24
2020-10-24 08:00:00,3212296.061,9,2020-10-24
2020-10-24 09:00:00,3433534.391,10,2020-10-24
2020-10-24 10:00:00,3479059.513,11,2020-10-24
2020-10-24 11:00:00,3530487.573,12,2020-10-24
2020-10-24 12:00:00,3412593.73,13,2020-10-24
2020-10-24 13:00:00,3312557.107,14,2020-10-24
2020-10-24 14:00:00,3405967.706,15,2020-10-24
2020-10-24 15:00:00,3483119.508,16,2020-10-24
2020-10-24 16:00:00,3648537.415,17,2020-10-24
2020-10-24 17:00:00,3852819.965,18,2020-10-24
2020-10-24 18:00:00,4163164.837,19,2020-10-24
2020-10-24 19:00:00,4324778.972,20,2020-10-24
2020-10-24 20:00:00,4471161.533,21,2020-10-24
2020-10-24 21:00:00,4082656.422,22,2020-10-24
2020-10-24 22:00:00,3596061.658,23,2020-10-24
2020-10-24 23:00:00,3079436.912,24,2020-10-24
2020-10-25 00:00:00,2615669.964,1,2020-10-25
2020-10-25 01:00:00,2311401.981,2,2020-10-25
2020-10-25 02:00:00,2136526.34,3,2020-10-25
2020-10-25 03:00:00,2028138.854,4,2020-10-25
2020-10-25 04:00:00,1961764.764,5,2020-10-25
2020-10-25 05:00:00,1976816.852,6,2020-10-25
2020-10-25 06:00:00,2126362.494,7,2020-10-25
2020-10-25 07:00:00,2461475.951,8,2020-10-25
2020-10-25 08:00:00,3022017.276,9,2020-10-25
2020-10-25 09:00:00,3209460.811,10,2020-10-25
2020-10-25 10:00:00,3218595.716,11,2020-10-25
2020-10-25 11:00:00,3233062.16,12,2020-10-25
2020-10-25 12:00:00,3079787.03,13,2020-10-25
2020-10-25 13:00:00,2948139.04,14,2020-10-25
2020-10-25 14:00:00,3015842.473,15,2020-10-25
2020-10-25 15:00:00,3075177.79,16,2020-10-25
2020-10-25 16:00:00,3232420.767,17,2020-10-25
2020-10-25 17:00:00,3439605.94,18,2020-10-25
2020-10-25 18:00:00,3764984.864,19,2020-10-25
2020-10-25 19:00:00,3954383.998,20,2020-10-25
2020-10-25 20:00:00,4141452.813,21,2020-10-25
2020-10-25 21:00:00,3806200.431,22,2020-10-25
2020-10-25 22:00:00,3384608.906,23,2020-10-25
2020-10-25 23:00:00,2943464.361,24,2020-10-25
2020-10-26 00:00:00,2563965.853,1,2020-10-26
2020-10-26 01:00:00,2350710.099,2,2020-10-26
2020-10-26 02:00:00,2271264.364,3,2020-10-26
2020-10-26 03:00:00,2260202.227,4,2020-10-26
2020-10-26 04:00:00,2290424.054,5,2020-10-26
2020-10-26 05:00:00,2398712.585,6,2020-10-26
2020-10-26 06:00:00,2635597.425,7,2020-10-26
2020-10-26 07:00:00,3049800.667,8,2020-10-26
2020-10-26 08:00:00,3679101.222,9,2020-10-26
2020-10-26 09:00:00,3923237.347,10,2020-10-26
2020-10-26 10:00:00,3975666.874,11,2020-10-26
2020-10-26 11:00:00,4019146.484,12,2020-10-26
2020-10-26 12:00:00,3880192.306,13,2020-10-26
2020-10-26 13:00:00,3748240.993,14,2020-10-26
2020-10-26 14:00:00,3801550.54,15,2020-10-26
2020-10-26 15:00:00,3833369.99,16,2020-10-26
2020-10-26 16:00:00,3951331.306,17,2020-10-26
2020-10-26 17:00:00,4109151.5,18,2020-10-26
2020-10-26 18:00:00,4377018.404,19,2020-10-26
2020-10-26 19:00:00,4502868.203,20,2020-10-26
2020-10-26 20:00:00,4622548.867,21,2020-10-26
2020-10-26 21:00:00,4218271.484,22,2020-10-26
2020-10-26 22:00:00,3728141.207,23,2020-10-26
2020-10-26 23:00:00,3220912.413,24,2020-10-26
2020-10-27 00:00:00,2779530.961,1,2020-10-27
2020-10-27 01:00:00,2510064.214,2,2020-10-27
2020-10-27 02:00:00,2381233.019,3,2020-10-27
2020-10-27 03:00:00,2328421.633,4,2020-10-27
2020-10-27 04:00:00,2324987.935,5,2020-10-27
2020-10-27 05:00:00,2407824.166,6,2020-10-27
2020-10-27 06:00:00,2627241.096,7,2020-10-27
2020-10-27 07:00:00,3031446.359,8,2020-10-27
2020-10-27 08:00:00,3657452.479,9,2020-10-27
2020-10-27 09:00:00,3904031.598,10,2020-10-27
2020-10-27 10:00:00,3963533.665,11,2020-10-27
2020-10-27 11:00:00,4017526.44,12,2020-10-27
2020-10-27 12:00:00,3891316.719,13,2020-10-27
2020-10-27 13:00:00,3773169.027,14,2020-10-27
2020-10-27 14:00:00,3840258.543,15,2020-10-27
2020-10-27 15:00:00,3884885.164,16,2020-10-27
2020-10-27 16:00:00,4013900.277,17,2020-10-27
2020-10-27 17:00:00,4180433.125,18,2020-10-27
2020-10-27 18:00:00,4454289.538,19,2020-10-27
2020-10-27 19:00:00,4583231.111,20,2020-10-27
2020-10-27 20:00:00,4703129.497,21,2020-10-27
2020-10-27 21:00:00,4296398.878,22,2020-10-27
2020-10-27 22:00:00,3801499.814,23,2020-10-27
2020-10-27 23:00:00,3287660.949,24,2020-10-27
2020-10-28 00:00:00,2838383.549,1,2020-10-28
2020-10-28 01:00:00,2560331.788,2,2020-10-28
2020-10-28 02:00:00,2422825.233,3,2020-10-28
2020-10-28 03:00:00,2361811.647,4,2020-10-28
2020-10-28 04:00:00,2351144.4,5,2020-10-28
2020-10-28 05:00:00,2428116.325,6,2020-10-28
2020-10-28 06:00:00,2643324.175,7,2020-10-28
2020-10-28 07:00:00,3045135.186,8,2020-10-28
2020-10-28 08:00:00,3670591.612,9,2020-10-28
2020-10-28 09:00:00,3918370.085,10,2020-10-28
2020-10-28 10:00:00,3980611.933,11,2020-10-28
2020-10-28 11:00:00,4038581.849,12,2020-10-28
2020-10-28 12:00:00,3917212.914,13,2020-10-28
2020-10-28 13:00:00,3804352.667,14,2020-10-28
2020-10-28 14:00:00,3876745.198,15,2020-10-28
2020-10-28 15:00:00,3926274.367,16,2020-10-28
2020-10-28 16:00:00,4059417.944,17,2020-10-28
2020-10-28 17:00:00,4228997.942,18,2020-10-28
2020-10-28 18:00:00,4504598.528,19,2020-10-28
2020-10-28 19:00:00,4633858.499,20,2020-10-28
2020-10-28 20:00:00,4752632.319,21,2020-10-28
2020-10-28 21:00:00,4343422.443,22,2020-10-28
2020-10-28 22:00:00,3844876.256,23,2020-10-28
2020-10-28 23:00:00,3326494.603,24,2020-10-28
2020-10-29 00:00:00,2872117.77,1,2020-10-29
2020-10-29 01:00:00,2588793.035,2,2020-10-29
2020-10-29 02:00:00,2446241.645,3,2020-10-29
2020-10-29 03:00:00,2380804.968,4,2020-10-29
2020-10-29 04:00:00,2366695.728,5,2020-10-29
2020-10-29 05:00:00,2441507.807,6,2020-10-29
2020-10-29 06:00:00,2656060.252,7,2020-10-29
2020-10-29 07:00:00,3058848.265,8,2020-10-29
2020-10-29 08:00:00,3686938.044,9,2020-10-29
2020-10-29 09:00:00,3938922.943,10,2020-10-29
2020-10-29 10:00:00,4006757.37,11,2020-10-29
2020-10-29 11:00:00,4071425.624,12,2020-10-29
2020-10-29 12:00:00,3957503.159,13,2020-10-29
2020-10-29 13:00:00,3852424.031,14,2020-10-29
2020-10-29 14:00:00,3932488.272,15,2020-10-29
2020-10-29 15:00:00,3989132.801,16,2020-10-29
2020-10-29 16:00:00,4128414.031,17,2020-10-29
2020-10-29 17:00:00,4302785.692,18,2020-10-29
2020-10-29 18:00:00,4581541.569,19,2020-10-29
2020-10-29 19:00:00,4712128.564,20,2020-10-29
2020-10-29 20:00:00,4830322.715,21,2020-10-29
2020-10-29 21:00:00,4418669.83,22,2020-10-29
2020-10-29 22:00:00,3915983.38,23,2020-10-29
2020-10-29 23:00:00,3392046.337,24,2020-10-29
2020-10-30 00:00:00,2931082.971,1,2020-10-30
2020-10-30 01:00:00,2640605.313,2,2020-10-30
2020-10-30 02:00:00,2490853.171,3,2020-10-30
2020-10-30 03:00:00,2418708.785,4,2020-10-30
2020-10-30 04:00:00,2398913.743,5,2020-10-30
2020-10-30 05:00:00,2469543.515,6,2020-10-30
2020-10-30 06:00:00,2681817.242,7,2020-10-30
2020-10-30 07:00:00,3084517.597,8,2020-10-30
2020-10-30 08:00:00,3714859.469,9,2020-10-30
2020-10-30 09:00:00,3971426.654,10,2020-10-30
2020-10-30 10:00:00,4045994.356,11,2020-10-30
2020-10-30 11:00:00,4119195.693,12,2020-10-30
2020-10-30 12:00:00,4015090.239,13,2020-10-30
2020-10-30 13:00:00,3920448.381,14,2020-10-30
2020-10-30 14:00:00,4010784.761,15,2020-10-30
2020-10-30 15:00:00,4076663.424,16,2020-10-30
2020-10-30 16:00:00,4223221.347,17,2020-10-30
2020-10-30 17:00:00,4401992.03,18,2020-10-30
2020-10-30 18:00:00,4681396.63,19,2020-10-30
2020-10-30 19:00:00,4808105.644,20,2020-10-30
2020-10-30 20:00:00,4917261.266,21,2020-10-30
2020-10-30 21:00:00,4490959.601,22,2020-10-30
2020-10-30 22:00:00,3967783.041,23,2020-10-30
2020-10-30 23:00:00,3417527.452,24,2020-10-30
2020-10-31 00:00:00,2924688.534,1,2020-10-31
2020-10-31 01:00:00,2597310.899,2,2020-10-31
2020-10-31 02:00:00,2406418.126,3,2020-10-31
2020-10-31 03:00:00,2289904.912,4,2020-10-31
2020-10-31 04:00:00,2223719.549,5,2020-10-31
2020-10-31 05:00:00,2247293.313,6,2020-10-31
2020-10-31 06:00:00,2413296.215,7,2020-10-31
2020-10-31 07:00:00,2771996.219,8,2020-10-31
2020-10-31 08:00:00,3362063.355,9,2020-10-31
2020-10-31 09:00:00,3583440.875,10,2020-10-31
2020-10-31 10:00:00,3629104.334,11,2020-10-31
2020-10-31 11:00:00,3680669.879,12,2020-10-31
2020-10-31 12:00:00,3562912.669,13,2020-10-31
2020-10-31 13:00:00,3463011.827,14,2020-10-31
2020-10-31 14:00:00,3556557.357,15,2020-10-31
2020-10-31 15:00:00,3633843.238,16,2020-10-31
2020-10-31 16:00:00,3799394.373,17,2020-10-31
2020-10-31 17:00:00,4003809.301,18,2020-10-31
2020-10-31 18:00:00,4314285.701,19,2020-10-31
2020-10-31 19:00:00,4476030.515,20,2020-10-31
2020-10-31 20:00:00,4622542.905,21,2020-10-31
2020-10-31 21:00:00,4234166.774,22,2020-10-31
2020-10-31 22:00:00,3747700.143,23,2020-10-31
2020-10-31 23:00:00,3231202.681,24,2020-10-31
