Data;Ora;ARIMA;UCM;ML
2020-09-01;1;2521879.452;2402987.277;2932544.0
2020-09-01;2;2289887.97;2058592.851;2573956.173
2020-09-01;3;2193201.355;1877498.957;2416980.703
2020-09-01;4;2158649.105;1798558.054;2346713.598
2020-09-01;5;2162843.01;1787529.49;2346389.468
2020-09-01;6;2249634.063;1860214.657;2368627.733
2020-09-01;7;2490244.855;2090708.604;2443479.172
2020-09-01;8;2917256.899;2471559.787;2625094.904
2020-09-01;9;3605227.647;3083049.797;2984835.105
2020-09-01;10;3856370.051;3335494.879;3431943.901
2020-09-01;11;3911115.485;3445186.913;3561713.008
2020-09-01;12;3960774.169;3567261.936;3477033.975
2020-09-01;13;3816298.516;3508458.211;3362214.11
2020-09-01;14;3714561.387;3455732.857;3191865.647
2020-09-01;15;3798704.164;3591131.478;3075280.237
2020-09-01;16;3847927.394;3698553.045;3072909.526
2020-09-01;17;3970788.554;3883407.418;3132126.139
2020-09-01;18;4115825.188;4093650.973;3222483.015
2020-09-01;19;4376092.981;4408064.394;3331565.945
2020-09-01;20;4474527.335;4583810.673;3455292.542
2020-09-01;21;4595245.906;4732439.698;3430347.576
2020-09-01;22;4180681.678;4316226.393;3361197.377
2020-09-01;23;3676805.313;3826401.789;3060211.834
2020-09-01;24;3163652.527;3303621.828;2729313.226
2020-09-02;1;2725619.633;2776047.787;2494567.682
2020-09-02;2;2460791.822;2421135.82;2343675.584
2020-09-02;3;2334580.702;2218488.386;2281476.839
2020-09-02;4;2280173.732;2108786.99;2266268.871
2020-09-02;5;2272501.774;2059888.86;2294018.86
2020-09-02;6;2351136.979;2089858.962;2330513.87
2020-09-02;7;2573491.21;2275116.105;2398279.351
2020-09-02;8;2982860.402;2610489.552;2548603.555
2020-09-02;9;3628508.996;3178402.428;2841559.099
2020-09-02;10;3877715.525;3391087.714;3213114.438
2020-09-02;11;3938269.212;3466457.881;3277845.659
2020-09-02;12;3994611.686;3560918.781;3166246.957
2020-09-02;13;3867014.449;3482091.57;3073023.138
2020-09-02;14;3759142.407;3417412.455;2951712.304
2020-09-02;15;3836675.705;3549004.608;2876698.065
2020-09-02;16;3887242.889;3660463.498;2888526.696
2020-09-02;17;4017881.56;3856551.242;2942246.765
2020-09-02;18;4179924.612;4084282.947;3021115.952
2020-09-02;19;4450522.561;4421266.069;3128981.261
2020-09-02;20;4569242.691;4623327.416;3265428.73
2020-09-02;21;4687635.495;4800590.541;3273029.585
2020-09-02;22;4275201.872;4413886.862;3241101.444
2020-09-02;23;3773034.663;3953056.381;2993575.665
2020-09-02;24;3254152.31;3457479.625;2713990.395
2020-09-03;1;2802688.422;2954211.994;2500399.673
2020-09-03;2;2522901.811;2619815.869;2348337.455
2020-09-03;3;2383244.393;2433241.752;2274027.792
2020-09-03;4;2319161.324;2334777.116;2248191.184
2020-09-03;5;2305217.266;2292145.48;2266060.257
2020-09-03;6;2379748.812;2323527.776;2296167.299
2020-09-03;7;2595792.929;2505685.987;2365486.392
2020-09-03;8;3000196.386;2833987.275;2518937.464
2020-09-03;9;3634001.82;3391547.072;2816334.022
2020-09-03;10;3885590.751;3591399.479;3181414.606
2020-09-03;11;3952008.114;3652318.621;3243518.513
2020-09-03;12;4015272.284;3731584.279;3141350.199
2020-09-03;13;3898443.123;3637658.064;3060631.238
2020-09-03;14;3794100.127;3558742.196;2957042.24
2020-09-03;15;3874945.146;3677617.115;2893258.323
2020-09-03;16;3931031.481;3778400.596;2908982.603
2020-09-03;17;4068598.077;3966224.893;2957524.87
2020-09-03;18;4239614.704;4188315.231;3024074.525
2020-09-03;19;4515836.583;4522330.527;3116566.944
2020-09-03;20;4642085.557;4724000.263;3236345.658
2020-09-03;21;4759243.338;4903219.16;3226862.49
2020-09-03;22;4345627.042;4520481.474;3187236.531
2020-09-03;23;3840845.808;4065209.045;2959288.565
2020-09-03;24;3315826.977;3576312.825;2703352.07
2020-09-04;1;2854890.425;3080357.119;2505034.393
2020-09-04;2;2564641.374;2753420.039;2348610.329
2020-09-04;3;2414906.922;2573999.788;2267816.715
2020-09-04;4;2342277.95;2481984.062;2240903.303
2020-09-04;5;2321610.653;2444764.071;2257311.427
2020-09-04;6;2391222.199;2480264.629;2285978.305
2020-09-04;7;2603053.252;2665070.126;2351816.692
2020-09-04;8;3005350.406;2994444.858;2499656.738
2020-09-04;9;3636622.038;3551466.87;2774809.318
2020-09-04;10;3892130.467;3749184.658;3115740.215
2020-09-04;11;3965306.742;3806421.718;3183097.881
2020-09-04;12;4037120.4;3880523.745;3100990.773
2020-09-04;13;3931138.103;3780016.343;3035866.592
2020-09-04;14;3835803.929;3693146.893;2948152.484
2020-09-04;15;3925462.205;3802708.257;2892343.774
2020-09-04;16;3990226.975;3892788.232;2906124.474
2020-09-04;17;4135294.63;4068442.21;2947870.523
2020-09-04;18;4312041.293;4276772.941;3009486.032
2020-09-04;19;4589688.773;4595278.423;3088043.223
2020-09-04;20;4714053.755;4779501.567;3179859.198
2020-09-04;21;4821939.165;4939142.596;3129356.266
2020-09-04;22;4394065.682;4534514.898;3038505.769
2020-09-04;23;3869274.524;4054897.068;2801561.074
2020-09-04;24;3317733.802;3539119.183;2591072.625
2020-09-05;1;2823970.335;3013750.757;2453227.651
2020-09-05;2;2495733.795;2654982.019;2328622.743
2020-09-05;3;2303913.537;2441546.377;2252950.288
2020-09-05;4;2186309.505;2313699.764;2220376.853
2020-09-05;5;2118907.279;2239337.128;2234997.557
2020-09-05;6;2141216.765;2237016.618;2263562.659
2020-09-05;7;2306142.671;2384070.882;2317888.6
2020-09-05;8;2663778.603;2676604.053;2416582.247
2020-09-05;9;3253215.326;3198594.237;2590136.149
2020-09-05;10;3473315.738;3364011.996;2833456.786
2020-09-05;11;3517593.993;3392581.485;2914687.651
2020-09-05;12;3567775.67;3442481.101;2901596.564
2020-09-05;13;3448475.605;3322953.902;2906250.164
2020-09-05;14;3347417.323;3222804.012;2853790.158
2020-09-05;15;3439810.169;3325179.355;2769409.3
2020-09-05;16;3515801.758;3414287.201;2739992.903
2020-09-05;17;3679936.324;3595042.327;2748610.602
2020-09-05;18;3882761.218;3814133.683;2809073.456
2020-09-05;19;4191734.549;4148372.083;2927264.006
2020-09-05;20;4351785.548;4352353.49;3089995.073
2020-09-05;21;4496953.558;4534599.075;3142443.762
2020-09-05;22;4107135.107;4154052.31;3086182.457
2020-09-05;23;3619212.405;3698484.616;2837285.399
2020-09-05;24;3101366.204;3205145.725;2626235.533
2020-09-06;1;2636494.409;2699023.639;2485751.871
2020-09-06;2;2331142.256;2354802.797;2360505.343
2020-09-06;3;2155159.467;2149864.797;2268457.738
2020-09-06;4;2045611.037;2023343.678;2219253.907
2020-09-06;5;1978034.338;1942312.199;2220140.217
2020-09-06;6;1991867.73;1924865.991;2234810.844
2020-09-06;7;2140254.93;2048281.586;2287762.132
2020-09-06;8;2474213.489;2309043.992;2377973.24
2020-09-06;9;3033740.313;2791961.322;2531387.584
2020-09-06;10;3219958.344;2912275.458;2757023.277
2020-09-06;11;3227831.932;2891394.751;2864435.23
2020-09-06;12;3241036.841;2889545.912;2905349.109
2020-09-06;13;3086447.814;2718316.58;2938992.738
2020-09-06;14;2953610.641;2569066.974;2875569.679
2020-09-06;15;3020125.793;2627614.01;2757125.68
2020-09-06;16;3078226.124;2680838.155;2694384.234
2020-09-06;17;3234193.7;2836217.219;2676859.749
2020-09-06;18;3440046.41;3042777.806;2700164.806
2020-09-06;19;3764120.52;3379331.934;2782003.502
2020-09-06;20;3952152.158;3602038.449;2914846.316
2020-09-06;21;4137966.503;3820455.151;2973921.567
2020-09-06;22;3801427.16;3493966.229;2949272.164
2020-09-06;23;3378543.57;3110140.132;2726598.199
2020-09-06;24;2936141.242;2705356.851;2516898.011
2020-09-07;1;2555422.525;2303071.269;2365424.254
2020-09-07;2;2340952.938;2075801.87;2246685.1
2020-09-07;3;2260285.545;1998188.687;2174688.742
2020-09-07;4;2247983.905;2006130.86;2153616.816
2020-09-07;5;2276952.329;2063077.486;2181889.537
2020-09-07;6;2383981.88;2183234.861;2216064.521
2020-09-07;7;2619626.994;2439861.498;2297074.122
2020-09-07;8;3032591.322;2825441.245;2451956.924
2020-09-07;9;3660698.288;3420946.246;2725572.216
2020-09-07;10;3903571.852;3638092.705;3086272.454
2020-09-07;11;3954726.832;3695209.512;3208104.768
2020-09-07;12;3996931.487;3750011.194;3167505.604
2020-09-07;13;3856684.988;3612241.578;3110155.416
2020-09-07;14;3723481.585;3472162.221;2998995.706
2020-09-07;15;3775539.004;3515285.606;2896236.266
2020-09-07;16;3806090.804;3529001.126;2872469.092
2020-09-07;17;3922770.996;3622097.035;2883709.426
2020-09-07;18;4079291.176;3745669.317;2877500.309
2020-09-07;19;4345866.734;3981286.554;2854866.635
2020-09-07;20;4470404.475;4088453.131;2826138.98
2020-09-07;21;4588809.519;4180540.567;2711391.374
2020-09-07;22;4183245.628;3721076.356;2614276.314
2020-09-07;23;3691826.861;3201951.007;2432139.755
2020-09-07;24;3183320.408;2663888.253;2305499.421
2020-09-08;1;2740673.202;2134551.425;2226459.001
2020-09-08;2;2469942.459;1790381.501;2155462.509
2020-09-08;3;2339844.408;1609516.724;2121476.958
2020-09-08;4;2285760.048;1530809.561;2122114.689
2020-09-08;5;2281048.543;1520019.369;2167574.734
2020-09-08;6;2362604.843;1592947.547;2209551.298
2020-09-08;7;2580747.796;1823689.151;2275970.12
2020-09-08;8;2983679.038;2204792.645;2405076.276
2020-09-08;9;3608425.573;2816539.627;2634095.278
2020-09-08;10;3853722.371;3069246.349;2938847.35
2020-09-08;11;3911937.912;3179204.699;3013801.301
2020-09-08;12;3964643.729;3301550.721;2937679.353
2020-09-08;13;3837141.101;3243022.685;2862589.373
2020-09-08;14;3717713.289;3190577.715;2750015.507
2020-09-08;15;3783522.375;3326261.423;2661934.557
2020-09-08;16;3826863.222;3433972.787;2653565.302
2020-09-08;17;3954587.884;3619121.673;2690172.999
2020-09-08;18;4119823.844;3829664.463;2719929.522
2020-09-08;19;4392385.897;4144381.848;2732666.282
2020-09-08;20;4520026.084;4320436.826;2722429.188
2020-09-08;21;4638634.647;4469379.29;2608321.788
2020-09-08;22;4230610.377;4053484.17;2526109.937
2020-09-08;23;3734416.733;3563982.505;2386978.076
2020-09-08;24;3219286.527;3041530.24;2293431.759
2020-09-09;1;2768721.375;2514288.659;2229042.569
2020-09-09;2;2489382.153;2159713.921;2157068.411
2020-09-09;3;2350586.928;1957408.489;2118439.952
2020-09-09;4;2288282.405;1848053.875;2115641.403
2020-09-09;5;2276322.371;1799507.312;2155951.832
2020-09-09;6;2352000.545;1829833.77;2192988.02
2020-09-09;7;2565916.307;2015452.063;2253043.005
2020-09-09;8;2966434.944;2351191.459;2368553.679
2020-09-09;9;3590603.422;2919475.088;2562998.942
2020-09-09;10;3837086.281;3132535.935;2810230.245
2020-09-09;11;3898030.883;3208286.475;2863825.494
2020-09-09;12;3954703.146;3303132.564;2802746.048
2020-09-09;13;3832034.359;3224695.363;2764205.599
2020-09-09;14;3717878.156;3160411.083;2687335.111
2020-09-09;15;3788974.37;3292402.9;2629016.833
2020-09-09;16;3837205.224;3404266.285;2630765.293
2020-09-09;17;3969048.707;3600763.36;2657542.785
2020-09-09;18;4137326.262;3828909.236;2674186.238
2020-09-09;19;4411624.972;4166311.373;2686057.202
2020-09-09;20;4539580.528;4368796.579;2692578.805
2020-09-09;21;4657053.443;4546488.413;2599857.748
2020-09-09;22;4246541.167;4160218.295;2532914.535
2020-09-09;23;3746692.029;3699826.23;2396497.645
2020-09-09;24;3227008.231;3204692.747;2292146.396
2020-09-10;1;2771330.178;2701873.251;2208951.302
2020-09-10;2;2486704.072;2367930.122;2123659.106
2020-09-10;3;2342850.677;2181813.869;2079699.105
2020-09-10;4;2276111.016;2083811.962;2075654.669
2020-09-10;5;2260697.952;2041647.926;2117789.543
2020-09-10;6;2334205.657;2073502.693;2159852.187
2020-09-10;7;2547454.032;2256138.25;2228012.668
2020-09-10;8;2948937.649;2584921.758;2352841.098
2020-09-10;9;3575724.239;3142968.653;2554159.571
2020-09-10;10;3826403.225;3343313.036;2803119.964
2020-09-10;11;3892930.978;3404729.035;2857456.298
2020-09-10;12;3956292.199;3484496.431;2801671.747
2020-09-10;13;3841061.76;3391076.835;2769751.984
2020-09-10;14;3734675.702;3312672.47;2698387.399
2020-09-10;15;3813432.672;3432063.776;2634177.44
2020-09-10;16;3868769.06;3533368.53;2624198.528
2020-09-10;17;4006741.351;3721718.984;2628286.358
2020-09-10;18;4179803.091;3944340.367;2624969.431
2020-09-10;19;4457249.016;4278891.593;2623540.475
2020-09-10;20;4586525.019;4481102.146;2621968.417
2020-09-10;21;4703409.107;4660866.748;2531479.05
2020-09-10;22;4290445.462;4278679.652;2477136.839
2020-09-10;23;3786447.865;3823962.701;2365392.859
2020-09-10;24;3261199.729;3335626.845;2273242.688
2020-09-11;1;2798925.363;2840236.389;2187042.472
2020-09-11;2;2507136.454;2513869.444;2092790.873
2020-09-11;3;2356072.653;2335024.214;2048610.016
2020-09-11;4;2282616.088;2243588.392;2047720.116
2020-09-11;5;2261508.395;2206953.188;2091133.498
2020-09-11;6;2330825.14;2243043.415;2135712.457
2020-09-11;7;2541785.743;2428443.462;2202262.22
2020-09-11;8;2943172.676;2758417.624;2321456.146
2020-09-11;9;3572201.325;3316043.944;2506412.963
2020-09-11;10;3827454.212;3514370.917;2732683.258
2020-09-11;11;3900707.18;3572222.036;2786426.942
2020-09-11;12;3972593.479;3646942.996;2744793.959
2020-09-11;13;3867172.497;3547059.397;2726570.341
2020-09-11;14;3771215.266;3460818.62;2666447.558
2020-09-11;15;3860235.982;3571013.523;2605717.815
2020-09-11;16;3924798.517;3661731.902;2599134.455
2020-09-11;17;4070039.876;3838029.145;2607543.268
2020-09-11;18;4247493.5;4047008.002;2613191.185
2020-09-11;19;4525580.856;4366166.464;2619226.892
2020-09-11;20;4650972.115;4551047.443;2610259.328
2020-09-11;21;4758810.114;4711351.158;2494755.728
2020-09-11;22;4331190.431;4307390.993;2408585.602
2020-09-11;23;3806695.56;3828445.541;2289163.828
2020-09-11;24;3255121.512;3313344.874;2214117.323
2020-09-12;1;2760964.004;2788658.504;2148601.705
2020-09-12;2;2432267.534;2430576.656;2064927.055
2020-09-12;3;2240055.634;2217832.733;2018314.37
2020-09-12;4;2122222.966;2090682.665;2012740.929
2020-09-12;5;2054717.84;2017021.396;2053699.725
2020-09-12;6;2076971.565;2015407.07;2101276.923
2020-09-12;7;2241654.244;2163172.332;2161347.171
2020-09-12;8;2599033.779;2456421.31;2244831.625
2020-09-12;9;3187780.361;2979132.105;2358300.696
2020-09-12;10;3407836.832;3145275.274;2503155.943
2020-09-12;11;3452178.955;3174574.968;2556038.673
2020-09-12;12;3502422.923;3225209.579;2561073.154
2020-09-12;13;3383343.835;3106422.159;2576381.893
2020-09-12;14;3282121.028;3007016.828;2529242.79
2020-09-12;15;3374344.359;3110141.503;2455160.077
2020-09-12;16;3450307.758;3200003.451;2425842.709
2020-09-12;17;3614536.135;3381517.44;2420024.756
2020-09-12;18;3817628.012;3601372.417;2436335.211
2020-09-12;19;4126781.173;3936379.189;2485268.153
2020-09-12;20;4287202.454;4141133.713;2551373.864
2020-09-12;21;4432391.23;4324157.153;2529678.953
2020-09-12;22;4042691.233;3944392.976;2469933.46
2020-09-12;23;3554900.518;3489612.596;2329864.36
2020-09-12;24;3037078.806;2997065.738;2231234.946
2020-09-13;1;2572113.885;2491740.398;2152003.677
2020-09-13;2;2266646.885;2148321.008;2060334.64
2020-09-13;3;2090571.174;1944189.159;2002381.681
2020-09-13;4;1980982.554;1818478.882;1989193.659
2020-09-13;5;1913406.274;1738262.931;2023089.947
2020-09-13;6;1927255.13;1721636.928;2067814.403
2020-09-13;7;2075596.531;1845877.396;2129228.071
2020-09-13;8;2409504.719;2107469.339;2204255.015
2020-09-13;9;2968839.802;2591220.859;2299249.168
2020-09-13;10;3155075.992;2712373.831;2422878.858
2020-09-13;11;3163002.52;2692336.599;2478158.742
2020-09-13;12;3176259.572;2691335.865;2501085.639
2020-09-13;13;3021774.017;2520959.26;2518599.187
2020-09-13;14;2888914.642;2372566.994;2452761.78
2020-09-13;15;2955405.686;2431975.975;2348202.841
2020-09-13;16;3013527.595;2486066.66;2296145.154
2020-09-13;17;3169556.151;2642316.853;2279330.522
2020-09-13;18;3375525.887;2849753.147;2290155.26
2020-09-13;19;3699688.395;3187187.551;2344470.918
2020-09-13;20;3887870.102;3410778.901;2427173.887
2020-09-13;21;4073720.551;3630084.99;2445769.136
2020-09-13;22;3737248.811;3304489.995;2425115.934
2020-09-13;23;3314436.952;2921562.357;2301105.418
2020-09-13;24;2872071.115;2517682.057;2187128.088
2020-09-14;1;2491350.36;2116303.968;2079304.35
2020-09-14;2;2276871.399;1889946.564;1985397.312
2020-09-14;3;2196201.494;1813249.867;1940434.82
2020-09-14;4;2183914.223;1822113.008;1948443.095
2020-09-14;5;2212909.959;1879985.073;1997258.862
2020-09-14;6;2319971.448;2001072.348;2048071.941
2020-09-14;7;2555628.31;2258633.334;2123861.598
2020-09-14;8;2968602.633;2645151.87;2239179.274
2020-09-14;9;3596673.351;3241600.086;2413396.942
2020-09-14;10;3839578.678;3459694.179;2630322.709
2020-09-14;11;3890776.476;3517763.026;2691414.18
2020-09-14;12;3933023.431;3573521.142;2656125.745
2020-09-14;13;3792835.672;3436712.343;2621437.796
2020-09-14;14;3659649.876;3297598.175;2540020.626
2020-09-14;15;3711724.028;3341691.109;2455569.687
2020-09-14;16;3742307.17;3356380.526;2443016.674
2020-09-14;17;3859031.268;3450454.667;2457993.231
2020-09-14;18;4015613.336;3575009.506;2454824.847
2020-09-14;19;4282241.222;3811613.612;2443203.088
2020-09-14;20;4406851.104;3919771.357;2420642.762
2020-09-14;21;4525290.978;4012854.248;2326483.608
2020-09-14;22;4119771.918;3554389.767;2268487.229
2020-09-14;23;3628399.084;3036268.409;2176622.092
2020-09-14;24;3119926.863;2499213.895;2103929.267
2020-09-15;1;2677301.118;1970889.542;2034751.345
2020-09-15;2;2406589.213;1627736.316;1969202.087
2020-09-15;3;2276511.998;1447892.447;1945152.055
2020-09-15;4;2222453.732;1370210.388;1960570.405
2020-09-15;5;2217772.299;1360449.483;2016388.705
2020-09-15;6;2299359.946;1434411.117;2068704.521
2020-09-15;7;2517527.451;1666190.331;2132713.783
2020-09-15;8;2920482.449;2048335.577;2233253.505
2020-09-15;9;3545237.474;2661128.439;2388535.66
2020-09-15;10;3790564.661;2914885.154;2593344.579
2020-09-15;11;3848813.966;3025897.597;2638431.932
2020-09-15;12;3901553.159;3149301.795;2592527.807
2020-09-15;13;3774089.036;3091836.006;2555293.834
2020-09-15;14;3654686.134;3040457.339;2468877.822
2020-09-15;15;3720519.634;3177211.391;2385371.412
2020-09-15;16;3763889.433;3285997.124;2364416.444
2020-09-15;17;3891646.924;3472224.391;2381015.497
2020-09-15;18;4056921.353;3683849.558;2391965.437
2020-09-15;19;4329518.559;3999653.3;2395001.437
2020-09-15;20;4457200.138;4176798.6;2379740.798
2020-09-15;21;4575837.755;4326835.337;2280920.155
2020-09-15;22;4167845.591;3912038.425;2231539.759
2020-09-15;23;3671684.211;3423638.884;2161881.818
2020-09-15;24;3156582.267;2902292.648;2105086.818
2020-09-16;1;2706041.027;2376160.982;2049641.468
2020-09-16;2;2426724.671;2022700.03;1985414.139
2020-09-16;3;2287952.77;1821512.238;1954404.218
2020-09-16;4;2225673.091;1713279.103;1962579.02
2020-09-16;5;2213739.008;1665857.84;2010967.072
2020-09-16;6;2289443.362;1697313.404;2056570.396
2020-09-16;7;2503382.909;1884064.591;2114783.007
2020-09-16;8;2903924.891;2220940.654;2204728.151
2020-09-16;9;3528111.568;2790364.703;2338231.82
2020-09-16;10;3774619.573;3004569.709;2514169.708
2020-09-16;11;3835590.241;3081468.128;2546994.987
2020-09-16;12;3892288.27;3177465.8;2512599.173
2020-09-16;13;3769646.746;3100183.868;2504200.699
2020-09-16;14;3655513.216;3037058.525;2444887.778
2020-09-16;15;3726631.771;3170212.93;2378633.36
2020-09-16;16;3774886.278;3283242.537;2359463.199
2020-09-16;17;3906754.511;3480909.449;2361137.605
2020-09-16;18;4075058.489;3710228.76;2364114.46
2020-09-16;19;4349382.384;4048807.91;2385671.982
2020-09-16;20;4477364.997;4252473.691;2408580.814
2020-09-16;21;4594860.801;4431349.642;2350798.543
2020-09-16;22;4184372.252;4046267.167;2324975.702
2020-09-16;23;3684546.743;3587066.25;2254202.134
2020-09-16;24;3164885.123;3093127.402;2168195.651
2020-09-17;1;2709227.685;2591506.01;2072311.951
2020-09-17;2;2424621.71;2258764.435;1980535.043
2020-09-17;3;2280788.452;2073853.166;1934832.486
2020-09-17;4;2214069.283;1977059.655;1934950.001
2020-09-17;5;2198676.932;1936107.407;1982511.297
2020-09-17;6;2272205.289;1969177.336;2030700.951
2020-09-17;7;2485473.403;2153031.408;2098628.06
2020-09-17;8;2886976.484;2483036.765;2200042.366
2020-09-17;9;3513780.735;3042308.823;2350362.979
2020-09-17;10;3764479.514;3243881.665;2539654.708
2020-09-17;11;3831027.235;3306529.397;2577082.006
2020-09-17;12;3894408.203;3387531.781;2541796.455
2020-09-17;13;3779197.877;3295350.409;2528991.681
2020-09-17;14;3672830.32;3218187.482;2464427.068
2020-09-17;15;3751605.568;3338823.421;2382138.388
2020-09-17;16;3806960.547;3441375.981;2344320.633
2020-09-17;17;3944951.674;3630977.396;2329489.029
2020-09-17;18;4118032.685;3854852.871;2320700.37
2020-09-17;19;4395497.371;4190661.303;2339072.206
2020-09-17;20;4524792.639;4394132.153;2363676.175
2020-09-17;21;4641694.534;4575160.122;2314475.201
2020-09-17;22;4228748.869;4194239.443;2300520.711
2020-09-17;23;3724769.121;3740791.937;2247316.056
2020-09-17;24;3199538.267;3253728.534;2169515.158
2020-09-18;1;2737280.583;2759613.517;2067086.948
2020-09-18;2;2445508.106;2434524.974;1965720.212
2020-09-18;3;2294460.65;2256961.09;1917274.293
2020-09-18;4;2221020.46;2166809.535;1920752.115
2020-09-18;5;2199929.131;2131461.499;1970255.467
2020-09-18;6;2269262.137;2168841.77;2020305.179
2020-09-18;7;2480238.626;2355534.718;2090608.998
2020-09-18;8;2881641.278;2686804.614;2190621.499
2020-09-18;9;3510684.986;3245729.48;2335269.656
2020-09-18;10;3765953.552;3445357.788;2520491.131
2020-09-18;11;3839222.187;3504513.011;2578544.479
2020-09-18;12;3911124.014;3580540.818;2569414.877
2020-09-18;13;3805718.614;3481966.789;2569585.675
2020-09-18;14;3709776.379;3397038.282;2503568.764
2020-09-18;15;3798811.958;3508548.132;2413194.694
2020-09-18;16;3863389.4;3600584.111;2361906.821
2020-09-18;17;4008645.69;3778201.587;2343048.6
2020-09-18;18;4186114.334;3988503.284;2341734.399
2020-09-18;19;4464216.494;4308987.173;2369802.478
2020-09-18;20;4589622.674;4495196.14;2394055.057
2020-09-18;21;4697475.073;4656830.382;2329738.452
2020-09-18;22;4269869.804;4254203.26;2287479.845
2020-09-18;23;3745389.263;3776593.343;2218745.214
2020-09-18;24;3193829.323;3262830.68;2151118.81
2020-09-19;1;2699685.692;2739484.758;2069628.483
2020-09-19;2;2371002.985;2382745.78;1974723.62
2020-09-19;3;2178804.788;2171347.125;1923880.683
2020-09-19;4;2060985.806;2045544.698;1922987.327
2020-09-19;5;1993494.336;1973233.42;1971536.587
2020-09-19;6;2015761.66;1972971.411;2027692.51
2020-09-19;7;2180457.796;2122091.29;2094227.065
2020-09-19;8;2537850.715;2416697.164;2170778.838
2020-09-19;9;3126610.451;2940767.108;2261264.316
2020-09-19;10;3346680.264;3108271.654;2383440.619
2020-09-19;11;3391035.714;3138934.929;2445556.006
2020-09-19;12;3441292.957;3190935.302;2473968.619
2020-09-19;13;3322227.155;3073515.798;2499204.85
2020-09-19;14;3221017.44;2975480.513;2436326.505
2020-09-19;15;3313253.821;3079977.34;2324249.525
2020-09-19;16;3389230.284;3171213.52;2241446.249
2020-09-19;17;3553471.738;3354103.798;2195772.856
2020-09-19;18;3756576.729;3575337.094;2199261.778
2020-09-19;19;4065742.942;3911724.19;2267465.924
2020-09-19;20;4226177.326;4117861.019;2361528.769
2020-09-19;21;4371379.05;4302268.718;2374276.901
2020-09-19;22;3981692.022;3923890.73;2343726.622
2020-09-19;23;3493914.269;3470498.445;2254498.786
2020-09-19;24;2976105.469;2979341.559;2165552.175
2020-09-20;1;2511153.41;2475408.045;2073206.667
2020-09-20;2;2205699.263;2133382.308;1976476.46
2020-09-20;3;2029636.415;1930645.914;1916009.525
2020-09-20;4;1920060.684;1806332.869;1907716.418
2020-09-20;5;1852497.32;1727515.9;1949046.029
2020-09-20;6;1866359.111;1712290.602;2001507.587
2020-09-20;7;2014713.44;1837933.475;2067732.677
2020-09-20;8;2348634.576;2100929.493;2132994.247
2020-09-20;9;2907982.578;2586086.736;2202917.253
2020-09-20;10;3094231.796;2708647.05;2302406.452
2020-09-20;11;3102171.399;2690018.753;2364365.895
2020-09-20;12;3115441.56;2690428.523;2405432.399
2020-09-20;13;2960969.175;2521463.961;2424969.676
2020-09-20;14;2828122.966;2374485.253;2338801.454
2020-09-20;15;2894627.222;2435309.279;2199487.395
2020-09-20;16;2952762.411;2490816.472;2106467.674
2020-09-20;17;3108804.319;2648484.606;2065445.678
2020-09-20;18;3314787.488;2857340.248;2081014.803
2020-09-20;19;3638963.479;3196195.382;2167307.355
2020-09-20;20;3827158.76;3421208.816;2286311.031
2020-09-20;21;4013022.81;3641938.316;2342514.551
2020-09-20;22;3676564.758;3317768.031;2355939.835
2020-09-20;23;3253766.665;2936266.377;2283386.52
2020-09-20;24;2811414.663;2533813.307;2180855.636
2020-09-21;1;2430707.814;2133863.667;2060690.763
2020-09-21;2;2216242.846;1908935.902;1954445.163
2020-09-21;3;2135587.029;1833670.009;1898574.615
2020-09-21;4;2123313.951;1843965.092;1898394.601
2020-09-21;5;2152323.985;1903270.207;1944199.023
2020-09-21;6;2259399.879;2025791.614;1993807.525
2020-09-21;7;2495071.246;2284787.787;2068486.712
2020-09-21;8;2908060.187;2672742.537;2172542.778
2020-09-21;9;3536145.622;3270627.967;2325699.647
2020-09-21;10;3779065.812;3490160.245;2524353.751
2020-09-21;11;3830278.601;3549668.221;2596549.853
2020-09-21;12;3872540.674;3606866.382;2589429.669
2020-09-21;13;3732368.172;3471498.516;2558599.389
2020-09-21;14;3599197.752;3333826.141;2443288.569
2020-09-21;15;3651287.42;3379361.701;2308439.113
2020-09-21;16;3681886.226;3395494.549;2234444.709
2020-09-21;17;3798626.141;3491012.898;2203963.642
2020-09-21;18;3955224.184;3617012.692;2188703.112
2020-09-21;19;4221868.196;3855062.474;2204833.356
2020-09-21;20;4346494.371;3964666.587;2230399.348
2020-09-21;21;4464950.685;4059196.51;2202952.703
2020-09-21;22;4059448.236;3602179.697;2200680.912
2020-09-21;23;3568092.183;3085506.614;2168211.485
2020-09-21;24;3059636.913;2549900.955;2114161.763
2020-09-22;1;2617028.293;2023026.007;2031559.918
2020-09-22;2;2346333.693;1681322.709;1942018.154
2020-09-22;3;2216273.97;1502929.26;1897135.504
2020-09-22;4;2162233.387;1426698.089;1900271.771
2020-09-22;5;2157569.833;1418388.507;1948015.393
2020-09-22;6;2239175.556;1493801.872;1997378.608
2020-09-22;7;2457361.336;1727033.197;2060440.715
2020-09-22;8;2860334.814;2110630.906;2157997.08
2020-09-22;9;3485108.522;2724876.552;2311266.88
2020-09-22;10;3730454.612;2980086.345;2505592.601
2020-09-22;11;3788723.039;3092552.13;2554526.468
2020-09-22;12;3841481.574;3217409.907;2525583.397
2020-09-22;13;3714037.02;3161397.904;2490209.427
2020-09-22;14;3594653.91;3111473.201;2380574.927
2020-09-22;15;3660507.432;3249681.367;2251384.624
2020-09-22;16;3703897.492;3359921.334;2173712.273
2020-09-22;17;3831675.485;3547602.927;2141630.2
2020-09-22;18;3996970.662;3760682.482;2141394.272
2020-09-22;19;4269588.862;4077940.646;2182771.384
2020-09-22;20;4397291.689;4256540.374;2231474.166
2020-09-22;21;4515950.804;4408031.513;2220225.616
2020-09-22;22;4107980.397;3994688.949;2242933.37
2020-09-22;23;3611841.038;3507743.674;2237964.4
2020-09-22;24;3096761.379;2987851.592;2193971.998
2020-09-23;1;2646242.693;2463173.939;2104959.958
2020-09-23;2;2366949.166;2111166.83;1999479.152
2020-09-23;3;2228200.37;1911432.682;1933759.096
2020-09-23;4;2165944.08;1804652.962;1918087.65
2020-09-23;5;2154033.672;1758684.857;1949869.561
2020-09-23;6;2229761.99;1791593.292;1990988.192
2020-09-23;7;2443725.793;1979797.032;2049441.452
2020-09-23;8;2844292.329;2318125.303;2141856.77
2020-09-23;9;3468503.858;2889001.186;2274283.308
2020-09-23;10;3715037.022;3104657.621;2432816.471
2020-09-23;11;3776033.158;3183007.036;2456615.639
2020-09-23;12;3832756.968;3280455.24;2415243.07
2020-09-23;13;3710141.541;3204623.348;2376965.919
2020-09-23;14;3596034.425;3142947.524;2271309.391
2020-09-23;15;3667179.719;3277550.896;2151689.042
2020-09-23;16;3715461.291;3392028.89;2085592.881
2020-09-23;17;3847356.921;3591143.578;2059476.271
2020-09-23;18;4015688.632;3821910.025;2077159.991
2020-09-23;19;4290040.598;4161935.643;2152625.791
2020-09-23;20;4418051.625;4367047.194;2242339.604
2020-09-23;21;4535576.186;4547368.188;2269811.224
2020-09-23;22;4125116.746;4163729.997;2314577.386
2020-09-23;23;3625320.698;3705972.578;2309001.837
2020-09-23;24;3105688.896;3213476.412;2242639.004
2020-09-24;1;2650061.637;2713296.855;2121003.252
2020-09-24;2;2365486.205;2381996.24;1987731.771
2020-09-24;3;2221683.858;2198525.027;1906814.234
2020-09-24;4;2154995.972;2103170.638;1883189.108
2020-09-24;5;2139635.28;2063656.548;1909363.081
2020-09-24;6;2213195.675;2098163.641;1943312.986
2020-09-24;7;2426496.21;2283453.854;2002286.175
2020-09-24;8;2828032.099;2614894.301;2096075.724
2020-09-24;9;3454869.546;3175600.367;2228071.758
2020-09-24;10;3705601.918;3378606.105;2381293.431
2020-09-24;11;3772183.628;3442685.592;2404082.721
2020-09-24;12;3835598.987;3525118.562;2362071.035
2020-09-24;13;3720423.458;3434366.576;2312978.939
2020-09-24;14;3614091.105;3358631.805;2196066.978
2020-09-24;15;3692901.969;3480694.641;2075191.055
2020-09-24;16;3748292.98;3584672.811;2014291.78
2020-09-24;17;3886320.558;3775698.517;2002885.599
2020-09-24;18;4059438.444;4000996.938;2034490.006
2020-09-24;19;4336940.43;4338226.938;2119161.911
2020-09-24;20;4466273.43;4543117.95;2221155.346
2020-09-24;21;4583213.489;4725564.646;2273541.951
2020-09-24;22;4170306.426;4346061.23;2341977.673
2020-09-24;23;3666365.72;3894029.492;2359030.899
2020-09-24;24;3141174.353;3408380.334;2303152.543
2020-09-25;1;2678956.603;2915678.008;2172388.712
2020-09-25;2;2387224.512;2592000.576;2019776.435
2020-09-25;3;2236217.896;2415846.189;1922655.947
2020-09-25;4;2162819.005;2327102.492;1892108.253
2020-09-25;5;2141769.436;2293160.642;1915269.813
2020-09-25;6;2211144.669;2331945.401;1950065.144
2020-09-25;7;2422163.853;2520041.108;2012847.358
2020-09-25;8;2823609.672;2852712.005;2112438.605
2020-09-25;9;3452697.023;3413036.084;2250050.045
2020-09-25;10;3708009.712;3614061.79;2412653.082
2020-09-25;11;3781322.951;3674612.564;2460306.646
2020-09-25;12;3853269.87;3752034.048;2438370.202
2020-09-25;13;3747910.051;3654851.793;2397342.874
2020-09-25;14;3652013.889;3571313.125;2277584.564
2020-09-25;15;3741096.038;3684210.854;2143062.856
2020-09-25;16;3805720.55;3777632.721;2071421.098
2020-09-25;17;3951024.413;3956634.063;2056090.051
2020-09-25;18;4128541.136;4168317.578;2091745.709
2020-09-25;19;4406691.886;4490181.207;2180994.032
2020-09-25;20;4532147.167;4677767.807;2281334.063
2020-09-25;21;4640049.185;4840777.546;2316922.904
2020-09-25;22;4212494.054;4439523.756;2355302.567
2020-09-25;23;3688064.176;3963284.978;2351442.014
2020-09-25;24;3136555.424;3450891.231;2295753.717
2020-09-26;1;2642463.51;2928911.974;2183390.615
2020-09-26;2;2313833.054;2573537.381;2041283.204
2020-09-26;3;2121687.644;2363500.802;1939439.293
2020-09-26;4;2003921.989;2239058.115;1897815.404
2020-09-26;5;1936484.388;2168104.21;1913439.192
2020-09-26;6;1958806.128;2169197.179;1951953.169
2020-09-26;7;2123557.228;2319669.614;2015866.191
2020-09-26;8;2481005.664;2615625.592;2105400.555
2020-09-26;9;3069821.472;3141043.16;2205271.205
2020-09-26;10;3289947.916;3309892.821;2326141.795
2020-09-26;11;3334360.56;3341898.675;2383697.006
2020-09-26;12;3384675.561;3395239.06;2396726.01
2020-09-26;13;3265668.086;3279156.976;2379939.999
2020-09-26;14;3164517.269;3182456.489;2264673.796
2020-09-26;15;3256813.122;3288285.464;2115417.69
2020-09-26;16;3332849.635;3380851.113;2025641.304
2020-09-26;17;3497151.721;3565068.154;2000402.012
2020-09-26;18;3700317.926;3787625.479;2052236.518
2020-09-26;19;4009545.941;4125333.841;2179802.338
2020-09-26;20;4170042.716;4332789.145;2325489.455
2020-09-26;21;4315307.424;4518512.503;2400919.453
2020-09-26;22;3925683.976;4141447.326;2432612.428
2020-09-26;23;3437970.403;3689364.977;2392413.625
2020-09-26;24;2920226.384;3199515.127;2311389.197
2020-09-27;1;2455339.71;2696885.718;2188314.124
2020-09-27;2;2149951.557;2356161.13;2047372.399
2020-09-27;3;1973955.314;2154722.899;1945818.541
2020-09-27;4;1864446.802;2031705.005;1900277.532
2020-09-27;5;1796951.273;1954180.147;1911508.235
2020-09-27;6;1810881.518;1940243.892;1945054.998
2020-09-27;7;1959304.925;2067172.714;2009226.991
2020-09-27;8;2293295.764;2331451.559;2089816.494
2020-09-27;9;2852714.097;2817888.479;2177026.751
2020-09-27;10;3039034.277;2941725.294;2287775.409
2020-09-27;11;3047045.475;2924370.294;2342775.346
2020-09-27;12;3060387.87;2926050.129;2357285.105
2020-09-27;13;2905988.357;2758352.376;2325543.704
2020-09-27;14;2773215.662;2612637.191;2188325.985
2020-09-27;15;2839794.079;2674721.429;2030335.659
2020-09-27;16;2898004.076;2731485.494;1950285.456
2020-09-27;17;3054121.442;2890407.136;1947811.377
2020-09-27;18;3260180.722;3100512.894;2020855.769
2020-09-27;19;3584433.481;3440614.724;2173771.69
2020-09-27;20;3772706.189;3666871.41;2357425.215
2020-09-27;21;3958648.327;3888840.69;2488133.682
2020-09-27;22;3622269.027;3565906.687;2574208.86
2020-09-27;23;3199550.353;3185637.79;2559583.639
2020-09-27;24;2757278.439;2784413.925;2462253.055
2020-09-28;1;2376652.351;2385689.914;2304581.444
2020-09-28;2;2162268.817;2161984.175;2139923.719
2020-09-28;3;2081695.113;2087936.679;2027094.99
2020-09-28;4;2069504.827;2099446.502;1974055.691
2020-09-28;5;2098598.335;2159962.677;1973497.401
2020-09-28;6;2205758.388;2283691.437;1993571.053
2020-09-28;7;2441514.602;2543891.229;2061279.251
2020-09-28;8;2854589.08;2933045.84;2187422.319
2020-09-28;9;3482760.742;3532127.347;2361367.82
2020-09-28;10;3725767.856;3752851.891;2548207.657
2020-09-28;11;3777068.266;3813548.299;2605001.161
2020-09-28;12;3819418.66;3871931.031;2580306.978
2020-09-28;13;3679335.18;3737743.85;2520843.717
2020-09-28;14;3546254.488;3601248.249;2384337.865
2020-09-28;15;3598434.59;3647956.647;2243422.176
2020-09-28;16;3629124.539;3665258.371;2180227.564
2020-09-28;17;3745956.308;3761941.609;2184984.22
2020-09-28;18;3902646.92;3889102.282;2238548.182
2020-09-28;19;4169384.218;4128308.906;2342702.924
2020-09-28;20;4294104.395;4239065.801;2460686.275
2020-09-28;21;4412655.434;4334744.42;2530807.666
2020-09-28;22;4007248.432;3878872.193;2608849.09
2020-09-28;23;3515988.552;3363339.561;2625744.142
2020-09-28;24;3007630.183;2828870.194;2564720.903
2020-09-29;1;2565119.192;2303127.356;2432494.409
2020-09-29;2;2294522.954;1962551.96;2271396.341
2020-09-29;3;2164562.327;1785282.182;2151416.522
2020-09-29;4;2110621.576;1710170.425;2087103.617
2020-09-29;5;2106058.592;1702975.979;2079073.726
2020-09-29;6;2187765.627;1779500.177;2103418.261
2020-09-29;7;2406053.46;2013838.008;2185255.325
2020-09-29;8;2809129.736;2398537.871;2345092.569
2020-09-29;9;3434006.989;3013881.298;2557209.501
2020-09-29;10;3679457.372;3270184.473;2757101.412
2020-09-29;11;3737830.843;3383739.221;2809133.418
2020-09-29;12;3790695.176;3509681.516;2773848.519
2020-09-29;13;3663357.173;3454749.562;2710425.242
2020-09-29;14;3544081.371;3405900.419;2578076.54
2020-09-29;15;3610042.96;3545179.631;2434180.514
2020-09-29;16;3653541.848;3656486.108;2350570.341
2020-09-29;17;3781429.431;3845229.651;2334236.599
2020-09-29;18;3946834.961;4059366.575;2375860.712
2020-09-29;19;4219564.282;4377677.504;2466717.031
2020-09-29;20;4347378.996;4557325.368;2563765.056
2020-09-29;21;4466150.77;4709859.996;2609912.291
2020-09-29;22;4058293.793;4297556.248;2673936.38
2020-09-29;23;3562268.637;3811645.097;2696164.089
2020-09-29;24;3047303.956;3292782.422;2650183.462
2020-09-30;1;2596901.026;2769129.439;2531328.71
2020-09-30;2;2317724.033;2418142.24;2369568.889
2020-09-30;3;2179092.552;2219423.221;2234752.814
2020-09-30;4;2116954.358;2113653.827;2150494.002
2020-09-30;5;2105162.83;2068691.224;2128212.154
2020-09-30;6;2181010.813;2102600.313;2144829.462
2020-09-30;7;2395095.069;2291799.843;2225005.778
2020-09-30;8;2795782.846;2631119.014;2375638.169
2020-09-30;9;3420116.407;3202980.887;2558250.883
2020-09-30;10;3666772.394;3419618.383;2715145.007
2020-09-30;11;3727892.146;3498943.907;2737196.368
2020-09-30;12;3784740.367;3597363.248;2689068.064
2020-09-30;13;3662250.148;3522497.501;2628185.914
2020-09-30;14;3548269.037;3461782.808;2509174.457
2020-09-30;15;3619541.135;3597342.278;2381333.696
2020-09-30;16;3667950.313;3712771.315;2317051.098
2020-09-30;17;3799974.351;3912831.974;2320752.387
2020-09-30;18;3968435.273;4144539.297;2385398.183
2020-09-30;19;4242917.254;4485500.676;2511779.464
2020-09-30;20;4371059.104;4691542.855;2657920.183
2020-09-30;21;4488715.295;4872789.322;2756329.965
2020-09-30;22;4078388.294;4490071.432;2859079.394
2020-09-30;23;3578725.495;4033229.121;2902697.744
2020-09-30;24;3059227.754;3541642.851;2858403.711
2020-10-01;1;2603735.367;3042367.959;2730449.23
2020-10-01;2;2319295.623;2711966.759;2557207.215
2020-10-01;3;2175629.779;2529389.69;2411953.839
2020-10-01;4;2109079.212;2434924.157;2319917.606
2020-10-01;5;2093856.656;2396293.616;2292979.164
2020-10-01;6;2167556.006;2431678.933;2316503.663
2020-10-01;7;2380996.316;2617842.026;2417114.283
2020-10-01;8;2782672.802;2950149.99;2591144.557
2020-10-01;9;3409651.668;3511718.192;2779581.101
2020-10-01;10;3660526.28;3715580.668;2932339.623
2020-10-01;11;3727251.057;3780511.475;2949614.195
2020-10-01;12;3790810.306;3863790.33;2900336.828
2020-10-01;13;3675779.494;3773878.776;2846474.201
2020-10-01;14;3569592.685;3698978.968;2745071.24
2020-10-01;15;3648549.921;3821871.279;2642226.918
2020-10-01;16;3704088.133;3926673.418;2593402.636
2020-10-01;17;3842263.743;4118517.572;2599437.854
2020-10-01;18;4015530.491;4344628.901;2654404.273
2020-10-01;19;4293182.172;4682666.252;2768839.503
2020-10-01;20;4422665.698;4888359.042;2909240.404
2020-10-01;21;4539757.117;5071601.926;3008289.413
2020-10-01;22;4127002.248;4692889.091;3117327.726
2020-10-01;23;3623214.572;4241642.312;3165425.996
2020-10-01;24;3098177.07;3756772.472;3121122.386
2020-10-02;1;2636114.021;3264843.81;2988117.862
2020-10-02;2;2344537.469;2941934.369;2806183.986
2020-10-02;3;2193687.23;2766542.286;2651144.751
2020-10-02;4;2120445.555;2678555.189;2549596.729
2020-10-02;5;2099554.041;2645364.221;2517368.834
2020-10-02;6;2169088.168;2684894.127;2542971.146
2020-10-02;7;2380267.087;2873729.23;2649240.238
2020-10-02;8;2781873.482;3207133.759;2817340.744
2020-10-02;9;3411122.251;3768185.69;2987499.529
2020-10-02;10;3666597.2;3969933.451;3130418.379
2020-10-02;11;3740073.543;4031200.471;3151411.109
2020-10-02;12;3812184.408;4109332.376;3107767.403
2020-10-02;13;3706989.378;4012854.703;3055165.6
2020-10-02;14;3611258.851;3930014.763;2953655.448
2020-10-02;15;3700507.478;4043605.351;2853965.254
2020-10-02;16;3765299.313;4137714.195;2806494.132
2020-10-02;17;3910771.345;4317396.618;2808555.567
2020-10-02;18;4088457.084;4529755.305;2854033.051
2020-10-02;19;4366777.694;4852288.18;2954274.978
2020-10-02;20;4492403.683;5040538.09;3073520.677
2020-10-02;21;4600477.256;5204205.188;3142086.496
2020-10-02;22;4173094.526;4803602.793;3216431.582
2020-10-02;23;3648837.896;4328009.432;3245280.684
2020-10-02;24;3097503.24;3816255.112;3210557.749
2020-10-03;1;2603586.27;3294909.279;3108772.71
2020-10-03;2;2275131.605;2940162.093;2959353.859
2020-10-03;3;2083162.836;2730746.894;2824463.866
2020-10-03;4;1965574.668;2606919.545;2732024.335
2020-10-03;5;1898315.404;2536574.925;2706293.775
2020-10-03;6;1920816.328;2538271.115;2737018.007
2020-10-03;7;2085747.462;2689340.693;2833846.917
2020-10-03;8;2443376.78;2985887.724;2961917.186
2020-10-03;9;3032374.319;3511890.244;3075465.236
2020-10-03;10;3252683.342;3681318.746;3178656.921
2020-10-03;11;3297279.414;3713897.316;3198928.481
2020-10-03;12;3347778.691;3767804.282;3178450.919
2020-10-03;13;3228956.341;3652282.633;3145057.475
2020-10-03;14;3127991.498;3556136.423;3044316.376
2020-10-03;15;3220474.172;3662513.508;2928829.426
2020-10-03;16;3296698.355;3755621.088;2861356.734
2020-10-03;17;3461188.959;3940373.871;2852470.134
2020-10-03;18;3664544.531;4163460.738;2908430.761
2020-10-03;19;3973962.759;4501692.433;3045588.844
2020-10-03;20;4134650.595;4709664.851;3219072.174
2020-10-03;21;4280107.212;4895899.091;3336086.346
2020-10-03;22;3890676.52;4519338.558;3425458.373
2020-10-03;23;3403156.549;4067754.604;3444197.813
2020-10-03;24;2885606.979;3578396.89;3401943.778
2020-10-04;1;2420915.6;3076253.35;3310701.409
2020-10-04;2;2115723.588;2736008.353;3189635.209
2020-10-04;3;1939924.331;2535043.428;3087146.63
2020-10-04;4;1830613.651;2412492.545;3019763.064
2020-10-04;5;1763316.797;2335428.393;3009291.021
2020-10-04;6;1777446.563;2321946.534;3043207.469
2020-10-04;7;1926070.334;2449323.431;3125605.026
2020-10-04;8;2260262.379;2714044.022;3221182.47
2020-10-04;9;2819882.762;3200916.352;3303671.657
2020-10-04;10;3006405.834;3325182.231;3389478.205
2020-10-04;11;3014620.766;3308249.945;3406012.019
2020-10-04;12;3028167.735;3310346.132;3388996.989
2020-10-04;13;2873973.638;3143058.364;3355956.24
2020-10-04;14;2741407.198;2997746.79;3251037.207
2020-10-04;15;2808192.709;3060228.257;3134553.546
2020-10-04;16;2866610.639;3117383.162;3073131.961
2020-10-04;17;3022936.776;3276689.248;3070411.275
2020-10-04;18;3229205.665;3487173.048;3124608.533
2020-10-04;19;3553668.869;3827646.511;3259159.651
2020-10-04;20;3742152.857;4054268.415;3441877.706
2020-10-04;21;3928307.11;4276596.491;3584828.332
2020-10-04;22;3592140.76;3954014.858;3704635.775
2020-10-04;23;3169635.869;3574091.897;3740817.919
2020-10-04;24;2727578.571;3173207.529;3696008.5
2020-10-05;1;2347167.93;2774816.57;3592855.556
2020-10-05;2;2133000.675;2551437.434;3472236.184
2020-10-05;3;2052644.079;2477710.085;3387736.056
2020-10-05;4;2040671.73;2489533.595;3342621.498
2020-10-05;5;2069984.003;2550356.992;3348189.865
2020-10-05;6;2177363.649;2674386.504;3386996.168
2020-10-05;7;2413340.281;2934880.574;3473941.55
2020-10-05;8;2826636.002;3324322.983;3597542.674
2020-10-05;9;3455029.732;3923685.805;3740574.808
2020-10-05;10;3698259.737;4144685.178;3887431.529
2020-10-05;11;3749783.859;4205649.922;3922131.721
2020-10-05;12;3792358.787;4264294.495;3882484.65
2020-10-05;13;3652500.66;4130362.657;3817029.32
2020-10-05;14;3519646.139;3994115.896;3696819.014
2020-10-05;15;3572053.231;4041066.628;3594943.762
2020-10-05;16;3602970.986;4058604.179;3565391.227
2020-10-05;17;3720031.376;4155516.731;3579859.253
2020-10-05;18;3876951.422;4282900.204;3602719.496
2020-10-05;19;4143918.967;4522323.11;3654403.05
2020-10-05;20;4268870.203;4633289.768;3724827.241
2020-10-05;21;4387653.11;4729171.627;3766979.418
2020-10-05;22;3982478.785;4273496.117;3841566.309
2020-10-05;23;3491452.39;3758153.675;3891995.568
2020-10-05;24;2983328.311;3223867.97;3888788.77
2020-10-06;1;2541052.416;2698302.265;3826759.843
2020-10-06;2;2270692.076;2357897.469;3739368.831
2020-10-06;3;2140968.149;2180791.759;3682596.928
2020-10-06;4;2087264.9;2105837.537;3659463.975
2020-10-06;5;2082940.216;2098794.089;3684263.662
2020-10-06;6;2164886.348;2175462.75;3736662.402
2020-10-06;7;2383414.074;2409938.508;3832751.641
2020-10-06;8;2786731.038;2794769.76;3975033.223
2020-10-06;9;3411849.772;3410238.039;4149951.493
2020-10-06;10;3657542.427;3666659.528;4328644.836
2020-10-06;11;3716158.961;3780326.051;4382833.497
2020-10-06;12;3769267.143;3906373.585;4353965.786
2020-10-06;13;3642173.777;3851540.332;4297799.592
2020-10-06;14;3523143.396;3802783.352;4183657.478
2020-10-06;15;3589351.19;3942148.192;4081348.347
2020-10-06;16;3633097.065;4053533.761;4042463.909
2020-10-06;17;3761232.413;4242349.86;4042432.35
2020-10-06;18;3926886.488;4456552.807;4047005.748
2020-10-06;19;4199865.13;4774923.226;4076699.644
2020-10-06;20;4327929.94;4954624.05;4121438.328
2020-10-06;21;4446952.581;5107205.106;4140201.6
2020-10-06;22;4039347.243;4694941.261;4210109.099
2020-10-06;23;3543574.496;4209063.485;4279482.494
2020-10-06;24;3028862.991;3690227.662;4305581.747
2020-10-07;1;2578714.002;3166595.009;4272287.984
2020-10-07;2;2299791.713;2815621.621;4207945.044
2020-10-07;3;2161415.699;2616909.896;4168743.059
2020-10-07;4;2099533.731;2511141.282;4158960.954
2020-10-07;5;2087999.187;2466172.947;4197083.631
2020-10-07;6;2164104.91;2500069.798;4260566.435
2020-10-07;7;2378447.66;2689250.583;4361165.084
2020-10-07;8;2779394.681;3028544.508;4501974.943
2020-10-07;9;3403988.237;3600374.638;4667957.752
2020-10-07;10;3650904.967;3816973.895;4833463.045
2020-10-07;11;3712286.208;3896254.69;4886506.887
2020-10-07;12;3769396.662;3994622.817;4875867.474
2020-10-07;13;3647169.416;3919699.372;4851295.227
2020-10-07;14;3533452.018;3858920.504;4771772.993
2020-10-07;15;3604988.566;3994409.324;4695796.214
2020-10-07;16;3653662.929;4109761.244;4668411.109
2020-10-07;17;3785952.885;4309738.32;4669381.375
2020-10-07;18;3954680.456;4541355.602;4675559.043
2020-10-07;19;4229429.815;4882220.487;4716440.602
2020-10-07;20;4357839.767;5088159.723;4783299.749
2020-10-07;21;4475764.786;5269296.804;4829649.015
2020-10-07;22;4065707.333;4886463.09;4919474.834
2020-10-07;23;3566314.803;4429498.524;4998401.153
2020-10-07;24;3047088.047;3937783.573;5025221.032
2020-10-08;1;2591867.361;3438373.581;4992895.794
2020-10-08;2;2307700.028;3107830.867;4938522.787
2020-10-08;3;2164307.307;2925105.878;4918677.596
2020-10-08;4;2098030.57;2830486.025;4932619.789
2020-10-08;5;2083082.549;2791694.77;4992213.691
2020-10-08;6;2157057.137;2826912.987;5071745.067
2020-10-08;7;2370773.386;3012902.601;5179913.23
2020-10-08;8;2772726.507;3345030.712;5320803.183
2020-10-08;9;3399982.704;3906412.698;5480755.235
2020-10-08;10;3651135.341;4110082.6;5634027.729
2020-10-08;11;3718138.832;4174814.485;5685458.378
2020-10-08;12;3781977.484;4257888.075;5682713.425
2020-10-08;13;3667226.759;4167764.924;5667634.902
2020-10-08;14;3561320.72;4092647.193;5603422.766
2020-10-08;15;3640559.407;4215315.264;5542138.842
2020-10-08;16;3696379.747;4319886.855;5519079.67
2020-10-08;17;3834838.159;4511494.162;5511182.599
2020-10-08;18;4008388.382;4737362.352;5498508.63
2020-10-08;19;4286324.207;5075150.283;5512783.168
2020-10-08;20;4416092.545;5280587.381;5550641.84
2020-10-08;21;4533469.439;5463568.309;5574864.983
2020-10-08;22;4121000.707;5084587.264;5642691.35
2020-10-08;23;3617499.827;4633066.031;5707312.225
2020-10-08;24;3092749.777;4147915.504;5729580.906
2020-10-09;1;2630974.833;3655699.929;5701331.745
2020-10-09;2;2339687.036;3332497.362;5657478.228
2020-10-09;3;2189126.201;3156805.949;5649303.875
2020-10-09;4;2116174.573;3068513.328;5672445.316
2020-10-09;5;2095573.749;3035010.653;5731564.097
2020-10-09;6;2165399.205;3074222.68;5798854.619
2020-10-09;7;2376870.09;3262733.744;5878430.83
2020-10-09;8;2778769.084;3595808.083;5974422.781
2020-10-09;9;3408311.082;4156523.684;6081814.601
2020-10-09;10;3664079.888;4357928.989;6186871.949
2020-10-09;11;3737850.712;4418847.436;6215289.132
2020-10-09;12;3810256.681;4496624.664;6205677.88
2020-10-09;13;3705357.373;4399786.221;6186623.832
2020-10-09;14;3609923.184;4316579.431;6126054.658
2020-10-09;15;3699468.762;4429797.1;6070765.578
2020-10-09;16;3764558.158;4523526.969;6050379.972
2020-10-09;17;3910328.358;4702824.374;6042906.874
2020-10-09;18;4088312.868;4914792.011;6031052.561
2020-10-09;19;4366932.85;5236927.818;6039564.265
2020-10-09;20;4492858.809;5424774.655;6059081.028
2020-10-09;21;4601232.945;5588032.687;6056205.053
2020-10-09;22;4174151.371;5187015.247;6084881.67
2020-10-09;23;3650196.485;4711000.875;6118030.045
2020-10-09;24;3099164.158;4198819.592;6130789.767
2020-10-10;1;2605550.1;3677040.857;6112107.459
2020-10-10;2;2277398.925;3321854.845;6080949.675
2020-10-10;3;2085734.222;3111994.909;6073848.753
2020-10-10;4;1968450.693;2987716.926;6085719.173
2020-10-10;5;1901496.636;2916915.789;6121207.679
2020-10-10;6;1924303.334;2918149.594;6154740.417
2020-10-10;7;2089540.805;3068750.934;6186730.044
2020-10-10;8;2447477.019;3364823.888;6220358.546
2020-10-10;9;3036782.011;3890346.507;6262007.743
2020-10-10;10;3257399.04;4059289.3;6319737.506
2020-10-10;11;3302303.668;4091376.366;6337580.571
2020-10-10;12;3353112.047;4144786.05;6340218.442
2020-10-10;13;3234599.343;4028761.356;6333503.188
2020-10-10;14;3133944.685;3932106.354;6278057.839
2020-10-10;15;3226738.082;4037968.914;6216368.222
2020-10-10;16;3303273.52;4130556.254;6182809.802
2020-10-10;17;3468075.909;4314783.097;6166734.024
2020-10-10;18;3671743.791;4537338.341;6161502.246
2020-10-10;19;3981474.855;4875032.745;6191697.163
2020-10-10;20;4142476.045;5082462.22;6238315.657
2020-10-10;21;4288246.532;5268147.884;6254970.373
2020-10-10;22;3899130.222;4891033.157;6275905.754
2020-10-10;23;3411925.144;4438889.409;6281698.188
2020-10-10;24;2894690.972;3948966.317;6267192.074
2020-10-11;1;2430315.494;3446251.832;6233196.62
2020-10-11;2;2125439.881;3105430.341;6197044.729
2020-10-11;3;1949957.519;2903883.391;6186467.127
2020-10-11;4;1840964.225;2780744.968;6192659.159
2020-10-11;5;1773985.246;2703087.78;6217231.406
2020-10-11;6;1788433.372;2689007.406;6235683.445
2020-10-11;7;1937375.983;2815780.328;6249468.279
2020-10-11;8;2271887.348;3079891.502;6261488.004
2020-10-11;9;2831827.524;3566148.989;6282232.291
2020-10-11;10;3018670.859;3689794.621;6323815.324
2020-10-11;11;3027206.522;3672236.699;6333366.942
2020-10-11;12;3041074.684;3673701.884;6329348.324
2020-10-11;13;2887202.24;3505777.763;6311804.741
2020-10-11;14;2754957.91;3359824.505;6243388.988
2020-10-11;15;2822065.983;3421658.976;6168792.521
2020-10-11;16;2880806.924;3478161.594;6125894.906
2020-10-11;17;3037456.517;3636810.119;6103048.592
2020-10-11;18;3244049.303;3846631.105;6091219.09
2020-10-11;19;3568836.842;4186436.52;6118592.443
2020-10-11;20;3757645.6;4412385.161;6171909.649
2020-10-11;21;3944125.053;4634034.781;6205206.458
2020-10-11;22;3608284.329;4310769.516;6240682.341
2020-10-11;23;3186105.487;3930157.77;6247242.63
2020-10-11;24;2744374.657;3528579.484;6216017.376
2020-10-12;1;2364290.9;3129489.493;6155670.201
2020-10-12;2;2150450.94;2905406.231;6095410.519
2020-10-12;3;2070422.047;2830969.685;6067594.474
2020-10-12;4;2058777.806;2842078.947;6060927.103
2020-10-12;5;2088418.587;2902183.065;6074357.174
2020-10-12;6;2196127.137;3025488.288;6085690.879
2020-10-12;7;2432433.067;3285253.081;6104397.127
2020-10-12;8;2846058.474;3673961.247;6138129.665
2020-10-12;9;3474782.275;4272584.879;6191119.966
2020-10-12;10;3718342.732;4492840.139;6252316.397
2020-10-12;11;3770197.684;4553055.867;6250522.993
2020-10-12;12;3813103.815;4610946.544;6211311.432
2020-10-12;13;3673577.262;4476255.952;6157860.591
2020-10-12;14;3541054.68;4339245.6;6070059.534
2020-10-12;15;3593794.073;4385427.926;5998268.961
2020-10-12;16;3625044.486;4402192.278;5972681.612
2020-10-12;17;3742437.89;4498326.864;5963510.875
2020-10-12;18;3899691.299;4624927.622;5943541.408
2020-10-12;19;4166992.554;4863563.089;5938450.23
2020-10-12;20;4292277.842;4973737.606;5948443.669
2020-10-12;21;4411395.139;5068822.646;5949146.666
2020-10-12;22;4006555.54;4612345.659;5982180.124
2020-10-12;23;3515864.2;4096197.109;6008639.363
2020-10-12;24;3008075.504;3561100.686;5996319.287
2020-10-13;1;2566135.313;3034719.676;5939346.497
2020-10-13;2;2296110.998;2693495.014;5865368.145
2020-10-13;3;2166723.409;2515564.898;5812385.679
2020-10-13;4;2113356.809;2439781.754;5776844.937
2020-10-13;5;2109369.081;2431904.893;5766766.181
2020-10-13;6;2191652.471;2507735.673;5763323.89
2020-10-13;7;2410517.755;2741369.105;5778831.611
2020-10-13;8;2814172.571;3125353.613;5824427.603
2020-10-13;9;3439629.448;3739970.752;5900999.427
2020-10-13;10;3685660.533;3995536.731;5984925.512
2020-10-13;11;3744615.778;4108343.397;5992520.056
2020-10-13;12;3798062.951;4233526.751;5953214.908
2020-10-13;13;3671308.85;4177825.022;5898142.604
2020-10-13;14;3552618.006;4128195.293;5807338.465
2020-10-13;15;3619165.602;4266683.135;5731527.097
2020-10-13;16;3663251.541;4377187.485;5702594.092
2020-10-13;17;3791727.213;4565118.167;5694226.469
2020-10-13;18;3957721.865;4778431.525;5681320.49
2020-10-13;19;4231041.334;5095908.207;5688499.765
2020-10-13;20;4359447.218;5274711.173;5712079.11
2020-10-13;21;4478811.175;5426390.276;5726176.485
2020-10-13;22;4071547.39;5013220.406;5777890.074
2020-10-13;23;3576116.43;4526432.562;5824704.014
2020-10-13;24;3061746.942;4006682.65;5823952.264
2020-10-14;1;2611940.195;3482131.916;5766559.417
2020-10-14;2;2333360.37;3130236.48;5680671.469
2020-10-14;3;2195327.036;2930598.767;5609011.919
2020-10-14;4;2133787.963;2823900.249;5557266.118
2020-10-14;5;2122596.522;2777998.123;5541191.646
2020-10-14;6;2199045.554;2810957.32;5544576.478
2020-10-14;7;2413731.812;2999196.616;5577519.395
2020-10-14;8;2815022.54;3337545.243;5645293.527
2020-10-14;9;3439959.994;3908426.292;5740645.599
2020-10-14;10;3687220.81;4124072.714;5837615.217
2020-10-14;11;3748946.322;4202396.945;5856068.996
2020-10-14;12;3806401.226;4299804.806;5827186.921
2020-10-14;13;3684518.606;4223917.421;5780383.863
2020-10-14;14;3571146.006;4162170.965;5692586.288
2020-10-14;15;3643027.52;4296688.578;5612130.788
2020-10-14;16;3692047.012;4411065.697;5572681.557
2020-10-14;17;3824682.256;4610064.408;5556063.405
2020-10-14;18;3993755.269;4840699.787;5547920.829
2020-10-14;19;4268850.222;5180579.258;5577871.112
2020-10-14;20;4397605.915;5385529.597;5637703.772
2020-10-14;21;4515876.816;5565674.327;5690145.169
2020-10-14;22;4106165.385;5181844.834;5766764.44
2020-10-14;23;3607119.009;4723881.091;5818941.18
2020-10-14;24;3088238.538;4231163.592;5806195.823
2020-10-15;1;2633364.262;3730747.707;5730179.432
2020-10-15;2;2349543.461;3399195.787;5628533.905
2020-10-15;3;2206497.388;3215458.305;5548767.472
2020-10-15;4;2140567.413;3119822.701;5498665.335
2020-10-15;5;2125966.263;3080012.465;5492279.598
2020-10-15;6;2200287.827;3114208.499;5513120.955
2020-10-15;7;2414351.151;3299172.757;5569076.032
2020-10-15;8;2816651.443;3630272.369;5659592.877
2020-10-15;9;3444254.904;4190622.74;5771516.96
2020-10-15;10;3695754.892;4393257.941;5876567.343
2020-10-15;11;3763105.818;4456952.066;5899825.008
2020-10-15;12;3827291.984;4538984.868;5870301.747
2020-10-15;13;3712888.848;4447817.928;5815585.947
2020-10-15;14;3607330.47;4371653.438;5718348.624
2020-10-15;15;3686916.883;4493271.808;5629007.068
2020-10-15;16;3743085.011;4596790.786;5581837.494
2020-10-15;17;3881891.271;4787342.596;5561286.912
2020-10-15;18;4055789.395;5012152.436;5555884.5
2020-10-15;19;4334073.17;5348879.193;5595066.026
2020-10-15;20;4464189.504;5553252.321;5669136.66
2020-10-15;21;4581914.436;5735166.514;5737545.012
2020-10-15;22;4169793.778;5355115.999;5822177.578
2020-10-15;23;3666641.005;4902522.59;5871284.201
2020-10-15;24;3142239.09;4416297.21;5844221.212
2020-10-16;1;2680812.307;3923004.136;5745861.706
2020-10-16;2;2389872.69;3598721.452;5617413.059
2020-10-16;3;2239660.051;3421947.337;5510276.755
2020-10-16;4;2167056.631;3332569.457;5437593.18
2020-10-16;5;2146804.022;3297978.997;5414272.18
2020-10-16;6;2216977.697;3336100.741;5423869.069
2020-10-16;7;2428796.799;3523519.056;5471316.358
2020-10-16;8;2831044.005;3855498.21;5552594.561
2020-10-16;9;3460934.206;4415116.222;5655208.179
2020-10-16;10;3717051.201;4615421.56;5756238.203
2020-10-16;11;3791170.197;4675237.696;5783666.402
2020-10-16;12;3863924.315;4751910.298;5757916.254
2020-10-16;13;3759373.13;4653964.945;5700484.231
2020-10-16;14;3664287.034;4569648.992;5597468.839
2020-10-16;15;3754180.67;4681755.274;5501937.862
2020-10-16;16;3819618.085;4774371.565;5451531.455
2020-10-16;17;3965736.26;4952553.229;5434172.871
2020-10-16;18;4144068.698;5163402.995;5438648.546
2020-10-16;19;4423036.557;5484418.831;5487816.111
2020-10-16;20;4549310.337;5671143.627;5564052.324
2020-10-16;21;4658032.235;5833277.58;5623235.963
2020-10-16;22;4231298.358;5431134.054;5687112.053
2020-10-16;23;3707691.101;4953991.618;5715340.755
2020-10-16;24;3157006.331;4440680.327;5675215.081
2020-10-17;1;2663739.752;3917769.67;5568428.317
2020-10-17;2;2335935.977;3561449.852;5426829.491
2020-10-17;3;2144618.587;3350454.258;5297195.761
2020-10-17;4;2027682.283;3225038.795;5197373.455
2020-10-17;5;1961075.357;3153098.39;5147511.599
2020-10-17;6;1984229.089;3153191.168;5133194.62
2020-10-17;7;2149813.492;3302649.754;5155650.476
2020-10-17;8;2508096.532;3597578.258;5207232.825
2020-10-17;9;3097748.241;4121954.763;5280698.402
2020-10-17;10;3318711.872;4289749.807;5367137.866
2020-10-17;11;3363962.983;4320687.524;5400490.393
2020-10-17;12;3415117.724;4372946.29;5387673.648
2020-10-17;13;3296951.254;4255769.137;5333827.127
2020-10-17;14;3196642.7;4157960.17;5217784.309
2020-10-17;15;3289782.065;4262667.29;5093573.884
2020-10-17;16;3366663.334;4354097.746;5008691.244
2020-10-17;17;3531811.409;4537166.293;4964953.297
2020-10-17;18;3735824.831;4758561.859;4960527.898
2020-10-17;19;4045901.283;5095095.237;5017298.495
2020-10-17;20;4207247.705;5301362.369;5107622.724
2020-10-17;21;4353363.265;5485884.404;5172452.321
2020-10-17;22;3964591.865;5107604.794;5220513.373
2020-10-17;23;3477731.528;4654294.942;5219517.207
2020-10-17;24;2960841.926;4163204.554;5153255.716
2020-10-18;1;2496810.841;3659321.616;5031024.348
2020-10-18;2;2192279.442;3317330.546;4883167.978
2020-10-18;3;2017141.11;3114612.921;4750613.437
2020-10-18;4;1908491.657;2990302.761;4647147.735
2020-10-18;5;1841856.328;2911472.805;4590183.216
2020-10-18;6;1856647.906;2896218.664;4563898.964
2020-10-18;7;2005933.77;3021816.851;4569003.636
2020-10-18;8;2340788.182;3284752.356;4597677.425
2020-10-18;9;2901071.198;3769833.271;4646486.091
2020-10-18;10;3088257.16;3892301.46;4711378.806
2020-10-18;11;3097135.233;3873565.256;4728902.583
2020-10-18;12;3111345.586;3873851.351;4702472.944
2020-10-18;13;2957815.108;3704747.364;4633368.559
2020-10-18;14;2825912.515;3557613.498;4500865.165
2020-10-18;15;2893362.092;3618266.651;4360229.206
2020-10-18;16;2952444.301;3673587.27;4261422.872
2020-10-18;17;3109434.921;3831053.15;4207417.687
2020-10-18;18;3316368.49;4039690.876;4194633.154
2020-10-18;19;3641496.564;4378312.447;4245798.492
2020-10-18;20;3830645.603;4603076.695;4338040.401
2020-10-18;21;4017465.082;4823541.401;4413926.857
2020-10-18;22;3681964.123;4499090.737;4472446.676
2020-10-18;23;3260124.782;4117293.137;4473071.32
2020-10-18;24;2818733.186;3714528.574;4399079.691
2020-10-19;1;2438988.39;3314251.916;4266399.568
2020-10-19;2;2225487.114;3088981.628;4115777.352
2020-10-19;3;2145796.626;3013357.73;3989603.978
2020-10-19;4;2134490.505;3023279.345;3896443.384
2020-10-19;5;2164469.119;3082195.554;3847055.344
2020-10-19;6;2272515.211;3204312.638;3826029.858
2020-10-19;7;2509158.386;3462889.094;3840984.105
2020-10-19;8;2923120.74;3850408.756;3890311.64
2020-10-19;9;3552181.185;4447843.751;3964520.915
2020-10-19;10;3796077.978;4666910.271;4040811.539
2020-10-19;11;3848268.955;4725937.19;4046617.25
2020-10-19;12;3891510.796;4782639.02;3994766.108
2020-10-19;13;3752319.634;4646759.573;3907926.176
2020-10-19;14;3620132.122;4508560.394;3783138.119
2020-10-19;15;3673206.257;4553553.95;3672952.811
2020-10-19;16;3704791.084;4569129.623;3611409.561
2020-10-19;17;3822518.566;4664075.65;3584627.444
2020-10-19;18;3980105.717;4789488.004;3573669.071
2020-10-19;19;4247740.371;5026935.253;3594925.588
2020-10-19;20;4373358.714;5135921.769;3638233.249
2020-10-19;21;4492808.717;5229819.057;3673336.521
2020-10-19;22;4088301.471;4772154.601;3718593.856
2020-10-19;23;3597942.128;4254818.894;3737818.538
2020-10-19;24;3090485.068;3718535.659;3702617.542
2020-10-20;1;2648876.15;3190968.215;3613697.675
2020-10-20;2;2379182.74;2848557.525;3504097.726
2020-10-20;3;2250125.685;2669441.824;3413620.274
2020-10-20;4;2197089.244;2592473.566;3350559.596
2020-10-20;5;2193431.296;2583412.095;3324991.835
2020-10-20;6;2276044.084;2658058.8;3323079.27
2020-10-20;7;2495238.38;2890508.725;3353552.665
2020-10-20;8;2899221.819;3273310.324;3418485.754
2020-10-20;9;3525006.924;3886745.185;3506096.915
2020-10-20;10;3771365.842;4141129.547;3588032.627
2020-10-20;11;3830648.519;4252755.29;3596998.776
2020-10-20;12;3884422.719;4376758.446;3552437.474
2020-10-20;13;3757995.238;4319877.275;3483314.48
2020-10-20;14;3639630.603;4269068.893;3387572.931
2020-10-20;15;3706503.993;4406378.901;3306333.033
2020-10-20;16;3750915.307;4515706.267;3263618.567
2020-10-20;17;3879715.933;4702460.848;3247315.567
2020-10-20;18;4046035.113;4914599.017;3241985.957
2020-10-20;19;4319678.681;5230901.456;3261291.604
2020-10-20;20;4448408.231;5408531.155;3295750.535
2020-10-20;21;4568095.418;5559037.997;3323016.479
2020-10-20;22;4161154.424;5144696.904;3366626.233
2020-10-20;23;3666045.812;4656738.906;3396602.415
2020-10-20;24;3151998.225;4135819.942;3383485.863
2020-10-21;1;2702512.93;3610101.286;3322252.324
2020-10-21;2;2424254.103;3257039.091;3240613.699
2020-10-21;3;2286541.31;3056235.811;3175308.327
2020-10-21;4;2225322.318;2948372.952;3134586.737
2020-10-21;5;2214450.494;2901307.739;3127331.069
2020-10-21;6;2291218.676;2933105.135;3139463.316
2020-10-21;7;2506223.614;3120183.946;3177008.361
2020-10-21;8;2907832.547;3457373.437;3240633.396
2020-10-21;9;3533087.73;4027096.727;3317445.718
2020-10-21;10;3780665.794;4241586.798;3384085.152
2020-10-21;11;3842708.07;4318756.117;3386907.913
2020-10-21;12;3900479.251;4415010.536;3349505.1
2020-10-21;13;3778912.418;4337971.209;3298301.456
2020-10-21;14;3665855.11;4275074.342;3226011.929
2020-10-21;15;3738051.42;4408443.105;3163401.669
2020-10-21;16;3787385.207;4521672.964;3129545.618
2020-10-21;17;3920334.242;4719526.036;3116851.408
2020-10-21;18;4089720.539;4949017.428;3117110.298
2020-10-21;19;4365128.266;5287754.594;3145582.763
2020-10-21;20;4494196.22;5491564.339;3192183.845
2020-10-21;21;4612778.865;5670570.217;3231437.629
2020-10-21;22;4203378.658;5285603.644;3278840.193
2020-10-21;23;3704642.984;4826504.621;3303813.779
2020-10-21;24;3186072.687;4332653.674;3281516.478
2020-10-22;1;2731508.057;3831106.203;3214270.247
2020-10-22;2;2447996.37;3498424.586;3134271.803
2020-10-22;3;2305258.875;3313559.328;3076784.824
2020-10-22;4;2239636.938;3216797.898;3046569.449
2020-10-22;5;2225343.285;3175863.815;3047980.34
2020-10-22;6;2299971.801;3208938.011;3066061.509
2020-10-22;7;2514341.528;3392782.469;3105952.452
2020-10-22;8;2916947.674;3722764.348;3166765.063
2020-10-22;9;3544856.434;4281999.083;3235103.987
2020-10-22;10;3796661.163;4483520.773;3290489.484
2020-10-22;11;3864316.27;4546103.543;3286902.24
2020-10-22;12;3928806.054;4627027.173;3248619.594
2020-10-22;13;3814705.97;4534753.274;3200283.11
2020-10-22;14;3709450.074;4457484.066;3135214.755
2020-10-22;15;3789338.398;4577999.989;3080946.653
2020-10-22;16;3845807.861;4680418.82;3052492.035
2020-10-22;17;3984914.878;4869872.809;3041372.821
2020-10-22;18;4159113.178;5093587.185;3040245.196
2020-10-22;19;4437696.545;5429220.862;3064808.955
2020-10-22;20;4568111.884;5632503.324;3106888.657
2020-10-22;21;4686135.231;5813329.292;3142077.137
2020-10-22;22;4274312.396;5432193.022;3183347.63
2020-10-22;23;3771456.851;4978516.355;3201718.922
2020-10-22;24;3247351.565;4491210.244;3175332.377
2020-10-23;1;2786220.809;3996838.992;3107959.584
2020-10-23;2;2495576.617;3671480.713;3030345.345
2020-10-23;3;2345658.794;3493633.612;2975678.189
2020-10-23;4;2273349.582;3403185.383;2947619.686
2020-10-23;5;2253390.568;3367527.238;2949214.271
2020-10-23;6;2323857.223;3404583.992;2964942.576
2020-10-23;7;2535968.688;3590940.035;2998499.255
2020-10-23;8;2938507.636;3921859.666;3048061.086
2020-10-23;9;3568688.955;4480420.928;3102768.833
2020-10-23;10;3825096.443;4679672.32;3148821.882
2020-10-23;11;3899505.303;4738437.338;3146302.41
2020-10-23;12;3972548.653;4814061.678;3114369.48
2020-10-23;13;3868286.067;4715070.946;3071794.416
2020-10-23;14;3773487.932;4629712.524;3012930.39
2020-10-23;15;3863668.891;4740779.274;2964933.218
2020-10-23;16;3929392.987;4832358.996;2942131.304
2020-10-23;17;4075797.199;5009507.082;2936675.46
2020-10-23;18;4254415.027;5219326.284;2940223.527
2020-10-23;19;4533667.626;5539314.601;2964659.419
2020-10-23;20;4660225.493;5725014.946;2999388.557
2020-10-23;21;4769230.824;5886127.543;3020379.655
2020-10-23;22;4342779.723;5482965.783;3043702.287
2020-10-23;23;3819454.582;5004808.261;3051935.84
2020-10-23;24;3269051.266;4490485.056;3032365.427
2020-10-24;1;2776065.476;3966565.683;2985061.349
2020-10-24;2;2448541.823;3609240.376;2928103.576
2020-10-24;3;2257503.886;3397242.541;2885198.778
2020-10-24;4;2140846.363;3270828.114;2860035.622
2020-10-24;5;2074517.544;3197892.046;2858804.289
2020-10-24;6;2097948.706;3196992.487;2867528.634
2020-10-24;7;2263809.859;3345462.087;2887317.999
2020-10-24;8;2622368.968;3639404.983;2916212.916
2020-10-24;9;3212296.061;4162799.28;2950018.146
2020-10-24;10;3433534.391;4329615.544;2986837.776
2020-10-24;11;3479059.513;4359577.931;2994929.75
2020-10-24;12;3530487.573;4410864.842;2983956.468
2020-10-24;13;3412593.73;4292719.336;2959362.347
2020-10-24;14;3312557.107;4193945.54;2910459.549
2020-10-24;15;3405967.706;4297691.38;2863877.294
2020-10-24;16;3483119.508;4388164.129;2838582.57
2020-10-24;17;3648537.415;4570278.565;2833451.128
2020-10-24;18;3852819.965;4790723.643;2844271.731
2020-10-24;19;4163164.837;5126310.177;2880690.239
2020-10-24;20;4324778.972;5331634.135;2927256.28
2020-10-24;21;4471161.533;5515216.688;2953748.383
2020-10-24;22;4082656.422;5136001.312;2970077.61
2020-10-24;23;3596061.658;4681759.433;2965352.078
2020-10-24;24;3079436.912;4189740.781;2938619.04
2020-10-25;1;2615669.964;3684933.365;2895637.086
2020-10-25;2;2311401.981;3342021.625;2851014.952
2020-10-25;3;2136526.34;3138387.162;2820772.153
2020-10-25;4;2028138.854;3013164.019;2804506.479
2020-10-25;5;1961764.764;2933424.958;2806356.58
2020-10-25;6;1976816.852;2917265.611;2812766.367
2020-10-25;7;2126362.494;3041962.514;2825259.472
2020-10-25;8;2461475.951;3304000.68;2843752.319
2020-10-25;9;3022017.276;3788188.222;2867874.038
2020-10-25;10;3209460.811;3909767.028;2898747.25
2020-10-25;11;3218595.716;3890145.451;2906891.459
2020-10-25;12;3233062.16;3889550.206;2898896.446
2020-10-25;13;3079787.03;3719568.935;2876828.435
2020-10-25;14;2948139.04;3571561.859;2830644.799
2020-10-25;15;3015842.473;3631345.9;2786936.125
2020-10-25;16;3075177.79;3685801.526;2764340.866
2020-10-25;17;3232420.767;3842406.553;2760735.776
2020-10-25;18;3439605.94;4050187.586;2770828.353
2020-10-25;19;3764984.864;4387956.648;2805248.543
2020-10-25;20;3954383.998;4611872.589;2852301.894
2020-10-25;21;4141452.813;4831493.212;2884277.265
2020-10-25;22;3806200.431;4506202.709;2906909.741
2020-10-25;23;3384608.906;4123569.534;2905030.584
2020-10-25;24;2943464.361;3719973.68;2876168.206
2020-10-26;1;2563965.853;3318870.037;2829948.984
2020-10-26;2;2350710.099;3092777.09;2786618.035
2020-10-26;3;2271264.364;3016334.876;2762614.062
2020-10-26;4;2260202.227;3025442.542;2753644.756
2020-10-26;5;2290424.054;3083549.185;2759993.603
2020-10-26;6;2398712.585;3204861.108;2769011.987
2020-10-26;7;2635597.425;3462636.825;2786298.639
2020-10-26;8;3049800.667;3849360.191;2815130.548
2020-10-26;9;3679101.222;4446003.352;2851638.073
2020-10-26;10;3923237.347;4664282.518;2886651.675
2020-10-26;11;3975666.874;4722526.583;2885718.082
2020-10-26;12;4019146.484;4778450.076;2861671.994
2020-10-26;13;3880192.306;4641796.83;2828339.382
2020-10-26;14;3748240.993;4502828.406;2783575.234
2020-10-26;15;3801550.54;4547057.292;2751639.365
2020-10-26;16;3833369.99;4561872.885;2742733.286
2020-10-26;17;3951331.306;4656063.442;2745390.636
2020-10-26;18;4109151.5;4780724.953;2747188.828
2020-10-26;19;4377018.404;5017426.005;2757781.23
2020-10-26;20;4502868.203;5125670.985;2773305.057
2020-10-26;21;4622548.867;5218831.419;2780540.267
2020-10-26;22;4218271.484;4760434.805;2796564.354
2020-10-26;23;3728141.207;4242371.655;2806984.924
2020-10-26;24;3220912.413;3705365.709;2798608.486
2020-10-27;1;2779530.961;3177080.301;2769931.107
2020-10-27;2;2510064.214;2833956.414;2737045.54
2020-10-27;3;2381233.019;2654132.295;2717644.129
2020-10-27;4;2328421.633;2576460.419;2709735.195
2020-10-27;5;2324987.935;2566700.144;2715019.317
2020-10-27;6;2407824.166;2640652.876;2722552.702
2020-10-27;7;2627241.096;2872413.674;2739265.421
2020-10-27;8;3031446.359;3254531.009;2770229.5
2020-10-27;9;3657452.479;3867286.483;2809857.526
2020-10-27;10;3904031.598;4120996.352;2845091.06
2020-10-27;11;3963533.665;4231952.511;2841867.068
2020-10-27;12;4017526.44;4355291.007;2816368.41
2020-10-27;13;3891316.719;4297750.116;2785412.602
2020-10-27;14;3773169.027;4246286.967;2745795.349
2020-10-27;15;3840258.543;4382947.178;2717650.441
2020-10-27;16;3884885.164;4491629.731;2709054.834
2020-10-27;17;4013900.277;4677744.497;2709994.412
2020-10-27;18;4180433.125;4889247.864;2709481.747
2020-10-27;19;4454289.538;5204920.527;2715571.05
2020-10-27;20;4583231.111;5381925.491;2723834.529
2020-10-27;21;4703129.497;5531812.653;2723826.041
2020-10-27;22;4296398.878;5116856.948;2736175.064
2020-10-27;23;3801499.814;4628289.421;2748221.45
2020-10-27;24;3287660.949;4106766.023;2743980.833
2020-10-28;1;2838383.549;3580448.042;2719155.573
2020-10-28;2;2560331.788;3226791.644;2688519.051
2020-10-28;3;2422825.233;3025399.296;2670119.031
2020-10-28;4;2361811.647;2916952.516;2663041.124
2020-10-28;5;2351144.4;2869308.542;2669270.701
2020-10-28;6;2428116.325;2900532.351;2677669.664
2020-10-28;7;2643324.175;3087042.76;2693518.002
2020-10-28;8;3045135.186;3423669.046;2720113.76
2020-10-28;9;3670591.612;3992834.341;2750577.687
2020-10-28;10;3918370.085;4206771.638;2774200.236
2020-10-28;11;3980611.933;4283393.417;2763523.605
2020-10-28;12;4038581.849;4379105.54;2737667.355
2020-10-28;13;3917212.914;4301529.174;2712128.106
2020-10-28;14;3804352.667;4238100.534;2679669.016
2020-10-28;15;3876745.198;4370942.802;2655443.751
2020-10-28;16;3926274.367;4483651.457;2646402.731
2020-10-28;17;4059417.944;4680988.625;2646031.862
2020-10-28;18;4228997.942;4909969.423;2647782.009
2020-10-28;19;4504598.528;5248201.316;2660780.108
2020-10-28;20;4633858.499;5451511.121;2678858.175
2020-10-28;21;4752632.319;5630022.399;2687187.438
2020-10-28;22;4343422.443;5244566.579;2700731.774
2020-10-28;23;3844876.256;4784983.67;2705172.571
2020-10-28;24;3326494.603;4290654.208;2687783.516
2020-10-29;1;2872117.77;3788633.603;2651393.955
2020-10-29;2;2588793.035;3455484.243;2615333.965
2020-10-29;3;2446241.645;3270156.639;2597472.673
2020-10-29;4;2380804.968;3172938.273;2594765.264
2020-10-29;5;2366695.728;3131552.67;2606682.749
2020-10-29;6;2441507.807;3164180.772;2620983.242
2020-10-29;7;2656060.252;3347584.571;2641198.16
2020-10-29;8;3058848.265;3677131.233;2668313.384
2020-10-29;9;3686938.044;4235936.202;2693747.238
2020-10-29;10;3938922.943;4437033.585;2708166.946
2020-10-29;11;4006757.37;4499197.514;2688988.079
2020-10-29;12;4071425.624;4579707.779;2657728.927
2020-10-29;13;3957503.159;4487025.996;2630246.479
2020-10-29;14;3852424.031;4409354.394;2599259.983
2020-10-29;15;3932488.272;4529473.42;2577841.319
2020-10-29;16;3989132.801;4631500.856;2570845.139
2020-10-29;17;4128414.031;4820568.962;2571068.498
2020-10-29;18;4302785.692;5043902.972;2572885.354
2020-10-29;19;4581541.569;5379161.807;2585808.636
2020-10-29;20;4712128.564;5582074.958;2603930.56
2020-10-29;21;4830322.715;5762537.151;2612078.632
2020-10-29;22;4418669.83;5381042.649;2623123.792
2020-10-29;23;3915983.38;4927013.298;2623610.449
2020-10-29;24;3392046.337;4439360.057;2603261.08
2020-10-30;1;2931082.971;3944647.236;2566569.59
2020-10-30;2;2640605.313;3618952.952;2531743.707
2020-10-30;3;2490853.171;3440775.417;2515001.334
2020-10-30;4;2418708.785;3350002.33;2513692.845
2020-10-30;5;2398913.743;3314024.908;2527250.294
2020-10-30;6;2469543.515;3350767.969;2543427.822
2020-10-30;7;2681817.242;3536815.91;2563979.438
2020-10-30;8;3084517.597;3867433.032;2588198.336
2020-10-30;9;3714859.469;4425697.385;2608464.945
2020-10-30;10;3971426.654;4624657.469;2619174.113
2020-10-30;11;4045994.356;4683136.787;2601484.381
2020-10-30;12;4119195.693;4758481.037;2574154.013
2020-10-30;13;4015090.239;4659215.828;2550184.918
2020-10-30;14;3920448.381;4573588.547;2523118.391
2020-10-30;15;4010784.761;4684392.058;2506483.535
2020-10-30;16;4076663.424;4775714.165;2505415.763
2020-10-30;17;4223221.347;4952610.262;2512799.571
2020-10-30;18;4401992.03;5162183.105;2522200.523
2020-10-30;19;4681396.63;5481930.694;2540079.118
2020-10-30;20;4808105.644;5667395.946;2558142.495
2020-10-30;21;4917261.266;5828279.086;2561151.072
2020-10-30;22;4490959.601;5424893.508;2563990.538
2020-10-30;23;3967783.041;4946517.808;2560614.52
2020-10-30;24;3417527.452;4431982.067;2545991.421
2020-10-31;1;2924688.534;3907855.803;2521743.847
2020-10-31;2;2597310.899;3550329.249;2497789.715
2020-10-31;3;2406418.126;3338135.814;2485328.876
2020-10-31;4;2289904.912;3211531.435;2483468.764
2020-10-31;5;2223719.549;3138411.063;2494659.746
2020-10-31;6;2247293.313;3137332.849;2508168.66
2020-10-31;7;2413296.215;3285629.444;2524044.312
2020-10-31;8;2771996.219;3579404.984;2540678.679
2020-10-31;9;3362063.355;4102637.577;2554269.918
2020-10-31;10;3583440.875;4269297.786;2565494.146
2020-10-31;11;3629104.334;4299109.77;2558514.343
2020-10-31;12;3680669.879;4350251.927;2544949.331
2020-10-31;13;3562912.669;4231967.318;2529751.919
2020-10-31;14;3463011.827;4133060.066;2504429.663
2020-10-31;15;3556557.357;4236678.1;2484150.921
2020-10-31;16;3633843.238;4327028.69;2478488.258
2020-10-31;17;3799394.373;4509026.613;2485347.594
2020-10-31;18;4003809.301;4729360.823;2501085.857
2020-10-31;19;4314285.701;5064842.133;2530463.622
2020-10-31;20;4476030.515;5270066.508;2560797.941
2020-10-31;21;4622542.905;5453555.119;2571005.816
2020-10-31;22;4234166.774;5074251.44;2571429.192
2020-10-31;23;3747700.143;4619926.892;2559901.62
2020-10-31;24;3231202.681;4127831.207;2538779.662
