Date,Ora,Data,ML
2020-09-01 00:00:00,1,2020-09-01,2932544.0
2020-09-01 01:00:00,2,2020-09-01,2573956.173
2020-09-01 02:00:00,3,2020-09-01,2416980.703
2020-09-01 03:00:00,4,2020-09-01,2346713.598
2020-09-01 04:00:00,5,2020-09-01,2346389.468
2020-09-01 05:00:00,6,2020-09-01,2368627.733
2020-09-01 06:00:00,7,2020-09-01,2443479.172
2020-09-01 07:00:00,8,2020-09-01,2625094.904
2020-09-01 08:00:00,9,2020-09-01,2984835.105
2020-09-01 09:00:00,10,2020-09-01,3431943.901
2020-09-01 10:00:00,11,2020-09-01,3561713.008
2020-09-01 11:00:00,12,2020-09-01,3477033.975
2020-09-01 12:00:00,13,2020-09-01,3362214.11
2020-09-01 13:00:00,14,2020-09-01,3191865.647
2020-09-01 14:00:00,15,2020-09-01,3075280.237
2020-09-01 15:00:00,16,2020-09-01,3072909.526
2020-09-01 16:00:00,17,2020-09-01,3132126.139
2020-09-01 17:00:00,18,2020-09-01,3222483.015
2020-09-01 18:00:00,19,2020-09-01,3331565.945
2020-09-01 19:00:00,20,2020-09-01,3455292.542
2020-09-01 20:00:00,21,2020-09-01,3430347.576
2020-09-01 21:00:00,22,2020-09-01,3361197.377
2020-09-01 22:00:00,23,2020-09-01,3060211.834
2020-09-01 23:00:00,24,2020-09-01,2729313.226
2020-09-02 00:00:00,1,2020-09-02,2494567.682
2020-09-02 01:00:00,2,2020-09-02,2343675.584
2020-09-02 02:00:00,3,2020-09-02,2281476.839
2020-09-02 03:00:00,4,2020-09-02,2266268.871
2020-09-02 04:00:00,5,2020-09-02,2294018.86
2020-09-02 05:00:00,6,2020-09-02,2330513.87
2020-09-02 06:00:00,7,2020-09-02,2398279.351
2020-09-02 07:00:00,8,2020-09-02,2548603.555
2020-09-02 08:00:00,9,2020-09-02,2841559.099
2020-09-02 09:00:00,10,2020-09-02,3213114.438
2020-09-02 10:00:00,11,2020-09-02,3277845.659
2020-09-02 11:00:00,12,2020-09-02,3166246.957
2020-09-02 12:00:00,13,2020-09-02,3073023.138
2020-09-02 13:00:00,14,2020-09-02,2951712.304
2020-09-02 14:00:00,15,2020-09-02,2876698.065
2020-09-02 15:00:00,16,2020-09-02,2888526.696
2020-09-02 16:00:00,17,2020-09-02,2942246.765
2020-09-02 17:00:00,18,2020-09-02,3021115.952
2020-09-02 18:00:00,19,2020-09-02,3128981.261
2020-09-02 19:00:00,20,2020-09-02,3265428.73
2020-09-02 20:00:00,21,2020-09-02,3273029.585
2020-09-02 21:00:00,22,2020-09-02,3241101.444
2020-09-02 22:00:00,23,2020-09-02,2993575.665
2020-09-02 23:00:00,24,2020-09-02,2713990.395
2020-09-03 00:00:00,1,2020-09-03,2500399.673
2020-09-03 01:00:00,2,2020-09-03,2348337.455
2020-09-03 02:00:00,3,2020-09-03,2274027.792
2020-09-03 03:00:00,4,2020-09-03,2248191.184
2020-09-03 04:00:00,5,2020-09-03,2266060.257
2020-09-03 05:00:00,6,2020-09-03,2296167.299
2020-09-03 06:00:00,7,2020-09-03,2365486.392
2020-09-03 07:00:00,8,2020-09-03,2518937.464
2020-09-03 08:00:00,9,2020-09-03,2816334.022
2020-09-03 09:00:00,10,2020-09-03,3181414.606
2020-09-03 10:00:00,11,2020-09-03,3243518.513
2020-09-03 11:00:00,12,2020-09-03,3141350.199
2020-09-03 12:00:00,13,2020-09-03,3060631.238
2020-09-03 13:00:00,14,2020-09-03,2957042.24
2020-09-03 14:00:00,15,2020-09-03,2893258.323
2020-09-03 15:00:00,16,2020-09-03,2908982.603
2020-09-03 16:00:00,17,2020-09-03,2957524.87
2020-09-03 17:00:00,18,2020-09-03,3024074.525
2020-09-03 18:00:00,19,2020-09-03,3116566.944
2020-09-03 19:00:00,20,2020-09-03,3236345.658
2020-09-03 20:00:00,21,2020-09-03,3226862.49
2020-09-03 21:00:00,22,2020-09-03,3187236.531
2020-09-03 22:00:00,23,2020-09-03,2959288.565
2020-09-03 23:00:00,24,2020-09-03,2703352.07
2020-09-04 00:00:00,1,2020-09-04,2505034.393
2020-09-04 01:00:00,2,2020-09-04,2348610.329
2020-09-04 02:00:00,3,2020-09-04,2267816.715
2020-09-04 03:00:00,4,2020-09-04,2240903.303
2020-09-04 04:00:00,5,2020-09-04,2257311.427
2020-09-04 05:00:00,6,2020-09-04,2285978.305
2020-09-04 06:00:00,7,2020-09-04,2351816.692
2020-09-04 07:00:00,8,2020-09-04,2499656.738
2020-09-04 08:00:00,9,2020-09-04,2774809.318
2020-09-04 09:00:00,10,2020-09-04,3115740.215
2020-09-04 10:00:00,11,2020-09-04,3183097.881
2020-09-04 11:00:00,12,2020-09-04,3100990.773
2020-09-04 12:00:00,13,2020-09-04,3035866.592
2020-09-04 13:00:00,14,2020-09-04,2948152.484
2020-09-04 14:00:00,15,2020-09-04,2892343.774
2020-09-04 15:00:00,16,2020-09-04,2906124.474
2020-09-04 16:00:00,17,2020-09-04,2947870.523
2020-09-04 17:00:00,18,2020-09-04,3009486.032
2020-09-04 18:00:00,19,2020-09-04,3088043.223
2020-09-04 19:00:00,20,2020-09-04,3179859.198
2020-09-04 20:00:00,21,2020-09-04,3129356.266
2020-09-04 21:00:00,22,2020-09-04,3038505.769
2020-09-04 22:00:00,23,2020-09-04,2801561.074
2020-09-04 23:00:00,24,2020-09-04,2591072.625
2020-09-05 00:00:00,1,2020-09-05,2453227.651
2020-09-05 01:00:00,2,2020-09-05,2328622.743
2020-09-05 02:00:00,3,2020-09-05,2252950.288
2020-09-05 03:00:00,4,2020-09-05,2220376.853
2020-09-05 04:00:00,5,2020-09-05,2234997.557
2020-09-05 05:00:00,6,2020-09-05,2263562.659
2020-09-05 06:00:00,7,2020-09-05,2317888.6
2020-09-05 07:00:00,8,2020-09-05,2416582.247
2020-09-05 08:00:00,9,2020-09-05,2590136.149
2020-09-05 09:00:00,10,2020-09-05,2833456.786
2020-09-05 10:00:00,11,2020-09-05,2914687.651
2020-09-05 11:00:00,12,2020-09-05,2901596.564
2020-09-05 12:00:00,13,2020-09-05,2906250.164
2020-09-05 13:00:00,14,2020-09-05,2853790.158
2020-09-05 14:00:00,15,2020-09-05,2769409.3
2020-09-05 15:00:00,16,2020-09-05,2739992.903
2020-09-05 16:00:00,17,2020-09-05,2748610.602
2020-09-05 17:00:00,18,2020-09-05,2809073.456
2020-09-05 18:00:00,19,2020-09-05,2927264.006
2020-09-05 19:00:00,20,2020-09-05,3089995.073
2020-09-05 20:00:00,21,2020-09-05,3142443.762
2020-09-05 21:00:00,22,2020-09-05,3086182.457
2020-09-05 22:00:00,23,2020-09-05,2837285.399
2020-09-05 23:00:00,24,2020-09-05,2626235.533
2020-09-06 00:00:00,1,2020-09-06,2485751.871
2020-09-06 01:00:00,2,2020-09-06,2360505.343
2020-09-06 02:00:00,3,2020-09-06,2268457.738
2020-09-06 03:00:00,4,2020-09-06,2219253.907
2020-09-06 04:00:00,5,2020-09-06,2220140.217
2020-09-06 05:00:00,6,2020-09-06,2234810.844
2020-09-06 06:00:00,7,2020-09-06,2287762.132
2020-09-06 07:00:00,8,2020-09-06,2377973.24
2020-09-06 08:00:00,9,2020-09-06,2531387.584
2020-09-06 09:00:00,10,2020-09-06,2757023.277
2020-09-06 10:00:00,11,2020-09-06,2864435.23
2020-09-06 11:00:00,12,2020-09-06,2905349.109
2020-09-06 12:00:00,13,2020-09-06,2938992.738
2020-09-06 13:00:00,14,2020-09-06,2875569.679
2020-09-06 14:00:00,15,2020-09-06,2757125.68
2020-09-06 15:00:00,16,2020-09-06,2694384.234
2020-09-06 16:00:00,17,2020-09-06,2676859.749
2020-09-06 17:00:00,18,2020-09-06,2700164.806
2020-09-06 18:00:00,19,2020-09-06,2782003.502
2020-09-06 19:00:00,20,2020-09-06,2914846.316
2020-09-06 20:00:00,21,2020-09-06,2973921.567
2020-09-06 21:00:00,22,2020-09-06,2949272.164
2020-09-06 22:00:00,23,2020-09-06,2726598.199
2020-09-06 23:00:00,24,2020-09-06,2516898.011
2020-09-07 00:00:00,1,2020-09-07,2365424.254
2020-09-07 01:00:00,2,2020-09-07,2246685.1
2020-09-07 02:00:00,3,2020-09-07,2174688.742
2020-09-07 03:00:00,4,2020-09-07,2153616.816
2020-09-07 04:00:00,5,2020-09-07,2181889.537
2020-09-07 05:00:00,6,2020-09-07,2216064.521
2020-09-07 06:00:00,7,2020-09-07,2297074.122
2020-09-07 07:00:00,8,2020-09-07,2451956.924
2020-09-07 08:00:00,9,2020-09-07,2725572.216
2020-09-07 09:00:00,10,2020-09-07,3086272.454
2020-09-07 10:00:00,11,2020-09-07,3208104.768
2020-09-07 11:00:00,12,2020-09-07,3167505.604
2020-09-07 12:00:00,13,2020-09-07,3110155.416
2020-09-07 13:00:00,14,2020-09-07,2998995.706
2020-09-07 14:00:00,15,2020-09-07,2896236.266
2020-09-07 15:00:00,16,2020-09-07,2872469.092
2020-09-07 16:00:00,17,2020-09-07,2883709.426
2020-09-07 17:00:00,18,2020-09-07,2877500.309
2020-09-07 18:00:00,19,2020-09-07,2854866.635
2020-09-07 19:00:00,20,2020-09-07,2826138.98
2020-09-07 20:00:00,21,2020-09-07,2711391.374
2020-09-07 21:00:00,22,2020-09-07,2614276.314
2020-09-07 22:00:00,23,2020-09-07,2432139.755
2020-09-07 23:00:00,24,2020-09-07,2305499.421
2020-09-08 00:00:00,1,2020-09-08,2226459.001
2020-09-08 01:00:00,2,2020-09-08,2155462.509
2020-09-08 02:00:00,3,2020-09-08,2121476.958
2020-09-08 03:00:00,4,2020-09-08,2122114.689
2020-09-08 04:00:00,5,2020-09-08,2167574.734
2020-09-08 05:00:00,6,2020-09-08,2209551.298
2020-09-08 06:00:00,7,2020-09-08,2275970.12
2020-09-08 07:00:00,8,2020-09-08,2405076.276
2020-09-08 08:00:00,9,2020-09-08,2634095.278
2020-09-08 09:00:00,10,2020-09-08,2938847.35
2020-09-08 10:00:00,11,2020-09-08,3013801.301
2020-09-08 11:00:00,12,2020-09-08,2937679.353
2020-09-08 12:00:00,13,2020-09-08,2862589.373
2020-09-08 13:00:00,14,2020-09-08,2750015.507
2020-09-08 14:00:00,15,2020-09-08,2661934.557
2020-09-08 15:00:00,16,2020-09-08,2653565.302
2020-09-08 16:00:00,17,2020-09-08,2690172.999
2020-09-08 17:00:00,18,2020-09-08,2719929.522
2020-09-08 18:00:00,19,2020-09-08,2732666.282
2020-09-08 19:00:00,20,2020-09-08,2722429.188
2020-09-08 20:00:00,21,2020-09-08,2608321.788
2020-09-08 21:00:00,22,2020-09-08,2526109.937
2020-09-08 22:00:00,23,2020-09-08,2386978.076
2020-09-08 23:00:00,24,2020-09-08,2293431.759
2020-09-09 00:00:00,1,2020-09-09,2229042.569
2020-09-09 01:00:00,2,2020-09-09,2157068.411
2020-09-09 02:00:00,3,2020-09-09,2118439.952
2020-09-09 03:00:00,4,2020-09-09,2115641.403
2020-09-09 04:00:00,5,2020-09-09,2155951.832
2020-09-09 05:00:00,6,2020-09-09,2192988.02
2020-09-09 06:00:00,7,2020-09-09,2253043.005
2020-09-09 07:00:00,8,2020-09-09,2368553.679
2020-09-09 08:00:00,9,2020-09-09,2562998.942
2020-09-09 09:00:00,10,2020-09-09,2810230.245
2020-09-09 10:00:00,11,2020-09-09,2863825.494
2020-09-09 11:00:00,12,2020-09-09,2802746.048
2020-09-09 12:00:00,13,2020-09-09,2764205.599
2020-09-09 13:00:00,14,2020-09-09,2687335.111
2020-09-09 14:00:00,15,2020-09-09,2629016.833
2020-09-09 15:00:00,16,2020-09-09,2630765.293
2020-09-09 16:00:00,17,2020-09-09,2657542.785
2020-09-09 17:00:00,18,2020-09-09,2674186.238
2020-09-09 18:00:00,19,2020-09-09,2686057.202
2020-09-09 19:00:00,20,2020-09-09,2692578.805
2020-09-09 20:00:00,21,2020-09-09,2599857.748
2020-09-09 21:00:00,22,2020-09-09,2532914.535
2020-09-09 22:00:00,23,2020-09-09,2396497.645
2020-09-09 23:00:00,24,2020-09-09,2292146.396
2020-09-10 00:00:00,1,2020-09-10,2208951.302
2020-09-10 01:00:00,2,2020-09-10,2123659.106
2020-09-10 02:00:00,3,2020-09-10,2079699.105
2020-09-10 03:00:00,4,2020-09-10,2075654.669
2020-09-10 04:00:00,5,2020-09-10,2117789.543
2020-09-10 05:00:00,6,2020-09-10,2159852.187
2020-09-10 06:00:00,7,2020-09-10,2228012.668
2020-09-10 07:00:00,8,2020-09-10,2352841.098
2020-09-10 08:00:00,9,2020-09-10,2554159.571
2020-09-10 09:00:00,10,2020-09-10,2803119.964
2020-09-10 10:00:00,11,2020-09-10,2857456.298
2020-09-10 11:00:00,12,2020-09-10,2801671.747
2020-09-10 12:00:00,13,2020-09-10,2769751.984
2020-09-10 13:00:00,14,2020-09-10,2698387.399
2020-09-10 14:00:00,15,2020-09-10,2634177.44
2020-09-10 15:00:00,16,2020-09-10,2624198.528
2020-09-10 16:00:00,17,2020-09-10,2628286.358
2020-09-10 17:00:00,18,2020-09-10,2624969.431
2020-09-10 18:00:00,19,2020-09-10,2623540.475
2020-09-10 19:00:00,20,2020-09-10,2621968.417
2020-09-10 20:00:00,21,2020-09-10,2531479.05
2020-09-10 21:00:00,22,2020-09-10,2477136.839
2020-09-10 22:00:00,23,2020-09-10,2365392.859
2020-09-10 23:00:00,24,2020-09-10,2273242.688
2020-09-11 00:00:00,1,2020-09-11,2187042.472
2020-09-11 01:00:00,2,2020-09-11,2092790.873
2020-09-11 02:00:00,3,2020-09-11,2048610.016
2020-09-11 03:00:00,4,2020-09-11,2047720.116
2020-09-11 04:00:00,5,2020-09-11,2091133.498
2020-09-11 05:00:00,6,2020-09-11,2135712.457
2020-09-11 06:00:00,7,2020-09-11,2202262.22
2020-09-11 07:00:00,8,2020-09-11,2321456.146
2020-09-11 08:00:00,9,2020-09-11,2506412.963
2020-09-11 09:00:00,10,2020-09-11,2732683.258
2020-09-11 10:00:00,11,2020-09-11,2786426.942
2020-09-11 11:00:00,12,2020-09-11,2744793.959
2020-09-11 12:00:00,13,2020-09-11,2726570.341
2020-09-11 13:00:00,14,2020-09-11,2666447.558
2020-09-11 14:00:00,15,2020-09-11,2605717.815
2020-09-11 15:00:00,16,2020-09-11,2599134.455
2020-09-11 16:00:00,17,2020-09-11,2607543.268
2020-09-11 17:00:00,18,2020-09-11,2613191.185
2020-09-11 18:00:00,19,2020-09-11,2619226.892
2020-09-11 19:00:00,20,2020-09-11,2610259.328
2020-09-11 20:00:00,21,2020-09-11,2494755.728
2020-09-11 21:00:00,22,2020-09-11,2408585.602
2020-09-11 22:00:00,23,2020-09-11,2289163.828
2020-09-11 23:00:00,24,2020-09-11,2214117.323
2020-09-12 00:00:00,1,2020-09-12,2148601.705
2020-09-12 01:00:00,2,2020-09-12,2064927.055
2020-09-12 02:00:00,3,2020-09-12,2018314.37
2020-09-12 03:00:00,4,2020-09-12,2012740.929
2020-09-12 04:00:00,5,2020-09-12,2053699.725
2020-09-12 05:00:00,6,2020-09-12,2101276.923
2020-09-12 06:00:00,7,2020-09-12,2161347.171
2020-09-12 07:00:00,8,2020-09-12,2244831.625
2020-09-12 08:00:00,9,2020-09-12,2358300.696
2020-09-12 09:00:00,10,2020-09-12,2503155.943
2020-09-12 10:00:00,11,2020-09-12,2556038.673
2020-09-12 11:00:00,12,2020-09-12,2561073.154
2020-09-12 12:00:00,13,2020-09-12,2576381.893
2020-09-12 13:00:00,14,2020-09-12,2529242.79
2020-09-12 14:00:00,15,2020-09-12,2455160.077
2020-09-12 15:00:00,16,2020-09-12,2425842.709
2020-09-12 16:00:00,17,2020-09-12,2420024.756
2020-09-12 17:00:00,18,2020-09-12,2436335.211
2020-09-12 18:00:00,19,2020-09-12,2485268.153
2020-09-12 19:00:00,20,2020-09-12,2551373.864
2020-09-12 20:00:00,21,2020-09-12,2529678.953
2020-09-12 21:00:00,22,2020-09-12,2469933.46
2020-09-12 22:00:00,23,2020-09-12,2329864.36
2020-09-12 23:00:00,24,2020-09-12,2231234.946
2020-09-13 00:00:00,1,2020-09-13,2152003.677
2020-09-13 01:00:00,2,2020-09-13,2060334.64
2020-09-13 02:00:00,3,2020-09-13,2002381.681
2020-09-13 03:00:00,4,2020-09-13,1989193.659
2020-09-13 04:00:00,5,2020-09-13,2023089.947
2020-09-13 05:00:00,6,2020-09-13,2067814.403
2020-09-13 06:00:00,7,2020-09-13,2129228.071
2020-09-13 07:00:00,8,2020-09-13,2204255.015
2020-09-13 08:00:00,9,2020-09-13,2299249.168
2020-09-13 09:00:00,10,2020-09-13,2422878.858
2020-09-13 10:00:00,11,2020-09-13,2478158.742
2020-09-13 11:00:00,12,2020-09-13,2501085.639
2020-09-13 12:00:00,13,2020-09-13,2518599.187
2020-09-13 13:00:00,14,2020-09-13,2452761.78
2020-09-13 14:00:00,15,2020-09-13,2348202.841
2020-09-13 15:00:00,16,2020-09-13,2296145.154
2020-09-13 16:00:00,17,2020-09-13,2279330.522
2020-09-13 17:00:00,18,2020-09-13,2290155.26
2020-09-13 18:00:00,19,2020-09-13,2344470.918
2020-09-13 19:00:00,20,2020-09-13,2427173.887
2020-09-13 20:00:00,21,2020-09-13,2445769.136
2020-09-13 21:00:00,22,2020-09-13,2425115.934
2020-09-13 22:00:00,23,2020-09-13,2301105.418
2020-09-13 23:00:00,24,2020-09-13,2187128.088
2020-09-14 00:00:00,1,2020-09-14,2079304.35
2020-09-14 01:00:00,2,2020-09-14,1985397.312
2020-09-14 02:00:00,3,2020-09-14,1940434.82
2020-09-14 03:00:00,4,2020-09-14,1948443.095
2020-09-14 04:00:00,5,2020-09-14,1997258.862
2020-09-14 05:00:00,6,2020-09-14,2048071.941
2020-09-14 06:00:00,7,2020-09-14,2123861.598
2020-09-14 07:00:00,8,2020-09-14,2239179.274
2020-09-14 08:00:00,9,2020-09-14,2413396.942
2020-09-14 09:00:00,10,2020-09-14,2630322.709
2020-09-14 10:00:00,11,2020-09-14,2691414.18
2020-09-14 11:00:00,12,2020-09-14,2656125.745
2020-09-14 12:00:00,13,2020-09-14,2621437.796
2020-09-14 13:00:00,14,2020-09-14,2540020.626
2020-09-14 14:00:00,15,2020-09-14,2455569.687
2020-09-14 15:00:00,16,2020-09-14,2443016.674
2020-09-14 16:00:00,17,2020-09-14,2457993.231
2020-09-14 17:00:00,18,2020-09-14,2454824.847
2020-09-14 18:00:00,19,2020-09-14,2443203.088
2020-09-14 19:00:00,20,2020-09-14,2420642.762
2020-09-14 20:00:00,21,2020-09-14,2326483.608
2020-09-14 21:00:00,22,2020-09-14,2268487.229
2020-09-14 22:00:00,23,2020-09-14,2176622.092
2020-09-14 23:00:00,24,2020-09-14,2103929.267
2020-09-15 00:00:00,1,2020-09-15,2034751.345
2020-09-15 01:00:00,2,2020-09-15,1969202.087
2020-09-15 02:00:00,3,2020-09-15,1945152.055
2020-09-15 03:00:00,4,2020-09-15,1960570.405
2020-09-15 04:00:00,5,2020-09-15,2016388.705
2020-09-15 05:00:00,6,2020-09-15,2068704.521
2020-09-15 06:00:00,7,2020-09-15,2132713.783
2020-09-15 07:00:00,8,2020-09-15,2233253.505
2020-09-15 08:00:00,9,2020-09-15,2388535.66
2020-09-15 09:00:00,10,2020-09-15,2593344.579
2020-09-15 10:00:00,11,2020-09-15,2638431.932
2020-09-15 11:00:00,12,2020-09-15,2592527.807
2020-09-15 12:00:00,13,2020-09-15,2555293.834
2020-09-15 13:00:00,14,2020-09-15,2468877.822
2020-09-15 14:00:00,15,2020-09-15,2385371.412
2020-09-15 15:00:00,16,2020-09-15,2364416.444
2020-09-15 16:00:00,17,2020-09-15,2381015.497
2020-09-15 17:00:00,18,2020-09-15,2391965.437
2020-09-15 18:00:00,19,2020-09-15,2395001.437
2020-09-15 19:00:00,20,2020-09-15,2379740.798
2020-09-15 20:00:00,21,2020-09-15,2280920.155
2020-09-15 21:00:00,22,2020-09-15,2231539.759
2020-09-15 22:00:00,23,2020-09-15,2161881.818
2020-09-15 23:00:00,24,2020-09-15,2105086.818
2020-09-16 00:00:00,1,2020-09-16,2049641.468
2020-09-16 01:00:00,2,2020-09-16,1985414.139
2020-09-16 02:00:00,3,2020-09-16,1954404.218
2020-09-16 03:00:00,4,2020-09-16,1962579.02
2020-09-16 04:00:00,5,2020-09-16,2010967.072
2020-09-16 05:00:00,6,2020-09-16,2056570.396
2020-09-16 06:00:00,7,2020-09-16,2114783.007
2020-09-16 07:00:00,8,2020-09-16,2204728.151
2020-09-16 08:00:00,9,2020-09-16,2338231.82
2020-09-16 09:00:00,10,2020-09-16,2514169.708
2020-09-16 10:00:00,11,2020-09-16,2546994.987
2020-09-16 11:00:00,12,2020-09-16,2512599.173
2020-09-16 12:00:00,13,2020-09-16,2504200.699
2020-09-16 13:00:00,14,2020-09-16,2444887.778
2020-09-16 14:00:00,15,2020-09-16,2378633.36
2020-09-16 15:00:00,16,2020-09-16,2359463.199
2020-09-16 16:00:00,17,2020-09-16,2361137.605
2020-09-16 17:00:00,18,2020-09-16,2364114.46
2020-09-16 18:00:00,19,2020-09-16,2385671.982
2020-09-16 19:00:00,20,2020-09-16,2408580.814
2020-09-16 20:00:00,21,2020-09-16,2350798.543
2020-09-16 21:00:00,22,2020-09-16,2324975.702
2020-09-16 22:00:00,23,2020-09-16,2254202.134
2020-09-16 23:00:00,24,2020-09-16,2168195.651
2020-09-17 00:00:00,1,2020-09-17,2072311.951
2020-09-17 01:00:00,2,2020-09-17,1980535.043
2020-09-17 02:00:00,3,2020-09-17,1934832.486
2020-09-17 03:00:00,4,2020-09-17,1934950.001
2020-09-17 04:00:00,5,2020-09-17,1982511.297
2020-09-17 05:00:00,6,2020-09-17,2030700.951
2020-09-17 06:00:00,7,2020-09-17,2098628.06
2020-09-17 07:00:00,8,2020-09-17,2200042.366
2020-09-17 08:00:00,9,2020-09-17,2350362.979
2020-09-17 09:00:00,10,2020-09-17,2539654.708
2020-09-17 10:00:00,11,2020-09-17,2577082.006
2020-09-17 11:00:00,12,2020-09-17,2541796.455
2020-09-17 12:00:00,13,2020-09-17,2528991.681
2020-09-17 13:00:00,14,2020-09-17,2464427.068
2020-09-17 14:00:00,15,2020-09-17,2382138.388
2020-09-17 15:00:00,16,2020-09-17,2344320.633
2020-09-17 16:00:00,17,2020-09-17,2329489.029
2020-09-17 17:00:00,18,2020-09-17,2320700.37
2020-09-17 18:00:00,19,2020-09-17,2339072.206
2020-09-17 19:00:00,20,2020-09-17,2363676.175
2020-09-17 20:00:00,21,2020-09-17,2314475.201
2020-09-17 21:00:00,22,2020-09-17,2300520.711
2020-09-17 22:00:00,23,2020-09-17,2247316.056
2020-09-17 23:00:00,24,2020-09-17,2169515.158
2020-09-18 00:00:00,1,2020-09-18,2067086.948
2020-09-18 01:00:00,2,2020-09-18,1965720.212
2020-09-18 02:00:00,3,2020-09-18,1917274.293
2020-09-18 03:00:00,4,2020-09-18,1920752.115
2020-09-18 04:00:00,5,2020-09-18,1970255.467
2020-09-18 05:00:00,6,2020-09-18,2020305.179
2020-09-18 06:00:00,7,2020-09-18,2090608.998
2020-09-18 07:00:00,8,2020-09-18,2190621.499
2020-09-18 08:00:00,9,2020-09-18,2335269.656
2020-09-18 09:00:00,10,2020-09-18,2520491.131
2020-09-18 10:00:00,11,2020-09-18,2578544.479
2020-09-18 11:00:00,12,2020-09-18,2569414.877
2020-09-18 12:00:00,13,2020-09-18,2569585.675
2020-09-18 13:00:00,14,2020-09-18,2503568.764
2020-09-18 14:00:00,15,2020-09-18,2413194.694
2020-09-18 15:00:00,16,2020-09-18,2361906.821
2020-09-18 16:00:00,17,2020-09-18,2343048.6
2020-09-18 17:00:00,18,2020-09-18,2341734.399
2020-09-18 18:00:00,19,2020-09-18,2369802.478
2020-09-18 19:00:00,20,2020-09-18,2394055.057
2020-09-18 20:00:00,21,2020-09-18,2329738.452
2020-09-18 21:00:00,22,2020-09-18,2287479.845
2020-09-18 22:00:00,23,2020-09-18,2218745.214
2020-09-18 23:00:00,24,2020-09-18,2151118.81
2020-09-19 00:00:00,1,2020-09-19,2069628.483
2020-09-19 01:00:00,2,2020-09-19,1974723.62
2020-09-19 02:00:00,3,2020-09-19,1923880.683
2020-09-19 03:00:00,4,2020-09-19,1922987.327
2020-09-19 04:00:00,5,2020-09-19,1971536.587
2020-09-19 05:00:00,6,2020-09-19,2027692.51
2020-09-19 06:00:00,7,2020-09-19,2094227.065
2020-09-19 07:00:00,8,2020-09-19,2170778.838
2020-09-19 08:00:00,9,2020-09-19,2261264.316
2020-09-19 09:00:00,10,2020-09-19,2383440.619
2020-09-19 10:00:00,11,2020-09-19,2445556.006
2020-09-19 11:00:00,12,2020-09-19,2473968.619
2020-09-19 12:00:00,13,2020-09-19,2499204.85
2020-09-19 13:00:00,14,2020-09-19,2436326.505
2020-09-19 14:00:00,15,2020-09-19,2324249.525
2020-09-19 15:00:00,16,2020-09-19,2241446.249
2020-09-19 16:00:00,17,2020-09-19,2195772.856
2020-09-19 17:00:00,18,2020-09-19,2199261.778
2020-09-19 18:00:00,19,2020-09-19,2267465.924
2020-09-19 19:00:00,20,2020-09-19,2361528.769
2020-09-19 20:00:00,21,2020-09-19,2374276.901
2020-09-19 21:00:00,22,2020-09-19,2343726.622
2020-09-19 22:00:00,23,2020-09-19,2254498.786
2020-09-19 23:00:00,24,2020-09-19,2165552.175
2020-09-20 00:00:00,1,2020-09-20,2073206.667
2020-09-20 01:00:00,2,2020-09-20,1976476.46
2020-09-20 02:00:00,3,2020-09-20,1916009.525
2020-09-20 03:00:00,4,2020-09-20,1907716.418
2020-09-20 04:00:00,5,2020-09-20,1949046.029
2020-09-20 05:00:00,6,2020-09-20,2001507.587
2020-09-20 06:00:00,7,2020-09-20,2067732.677
2020-09-20 07:00:00,8,2020-09-20,2132994.247
2020-09-20 08:00:00,9,2020-09-20,2202917.253
2020-09-20 09:00:00,10,2020-09-20,2302406.452
2020-09-20 10:00:00,11,2020-09-20,2364365.895
2020-09-20 11:00:00,12,2020-09-20,2405432.399
2020-09-20 12:00:00,13,2020-09-20,2424969.676
2020-09-20 13:00:00,14,2020-09-20,2338801.454
2020-09-20 14:00:00,15,2020-09-20,2199487.395
2020-09-20 15:00:00,16,2020-09-20,2106467.674
2020-09-20 16:00:00,17,2020-09-20,2065445.678
2020-09-20 17:00:00,18,2020-09-20,2081014.803
2020-09-20 18:00:00,19,2020-09-20,2167307.355
2020-09-20 19:00:00,20,2020-09-20,2286311.031
2020-09-20 20:00:00,21,2020-09-20,2342514.551
2020-09-20 21:00:00,22,2020-09-20,2355939.835
2020-09-20 22:00:00,23,2020-09-20,2283386.52
2020-09-20 23:00:00,24,2020-09-20,2180855.636
2020-09-21 00:00:00,1,2020-09-21,2060690.763
2020-09-21 01:00:00,2,2020-09-21,1954445.163
2020-09-21 02:00:00,3,2020-09-21,1898574.615
2020-09-21 03:00:00,4,2020-09-21,1898394.601
2020-09-21 04:00:00,5,2020-09-21,1944199.023
2020-09-21 05:00:00,6,2020-09-21,1993807.525
2020-09-21 06:00:00,7,2020-09-21,2068486.712
2020-09-21 07:00:00,8,2020-09-21,2172542.778
2020-09-21 08:00:00,9,2020-09-21,2325699.647
2020-09-21 09:00:00,10,2020-09-21,2524353.751
2020-09-21 10:00:00,11,2020-09-21,2596549.853
2020-09-21 11:00:00,12,2020-09-21,2589429.669
2020-09-21 12:00:00,13,2020-09-21,2558599.389
2020-09-21 13:00:00,14,2020-09-21,2443288.569
2020-09-21 14:00:00,15,2020-09-21,2308439.113
2020-09-21 15:00:00,16,2020-09-21,2234444.709
2020-09-21 16:00:00,17,2020-09-21,2203963.642
2020-09-21 17:00:00,18,2020-09-21,2188703.112
2020-09-21 18:00:00,19,2020-09-21,2204833.356
2020-09-21 19:00:00,20,2020-09-21,2230399.348
2020-09-21 20:00:00,21,2020-09-21,2202952.703
2020-09-21 21:00:00,22,2020-09-21,2200680.912
2020-09-21 22:00:00,23,2020-09-21,2168211.485
2020-09-21 23:00:00,24,2020-09-21,2114161.763
2020-09-22 00:00:00,1,2020-09-22,2031559.918
2020-09-22 01:00:00,2,2020-09-22,1942018.154
2020-09-22 02:00:00,3,2020-09-22,1897135.504
2020-09-22 03:00:00,4,2020-09-22,1900271.771
2020-09-22 04:00:00,5,2020-09-22,1948015.393
2020-09-22 05:00:00,6,2020-09-22,1997378.608
2020-09-22 06:00:00,7,2020-09-22,2060440.715
2020-09-22 07:00:00,8,2020-09-22,2157997.08
2020-09-22 08:00:00,9,2020-09-22,2311266.88
2020-09-22 09:00:00,10,2020-09-22,2505592.601
2020-09-22 10:00:00,11,2020-09-22,2554526.468
2020-09-22 11:00:00,12,2020-09-22,2525583.397
2020-09-22 12:00:00,13,2020-09-22,2490209.427
2020-09-22 13:00:00,14,2020-09-22,2380574.927
2020-09-22 14:00:00,15,2020-09-22,2251384.624
2020-09-22 15:00:00,16,2020-09-22,2173712.273
2020-09-22 16:00:00,17,2020-09-22,2141630.2
2020-09-22 17:00:00,18,2020-09-22,2141394.272
2020-09-22 18:00:00,19,2020-09-22,2182771.384
2020-09-22 19:00:00,20,2020-09-22,2231474.166
2020-09-22 20:00:00,21,2020-09-22,2220225.616
2020-09-22 21:00:00,22,2020-09-22,2242933.37
2020-09-22 22:00:00,23,2020-09-22,2237964.4
2020-09-22 23:00:00,24,2020-09-22,2193971.998
2020-09-23 00:00:00,1,2020-09-23,2104959.958
2020-09-23 01:00:00,2,2020-09-23,1999479.152
2020-09-23 02:00:00,3,2020-09-23,1933759.096
2020-09-23 03:00:00,4,2020-09-23,1918087.65
2020-09-23 04:00:00,5,2020-09-23,1949869.561
2020-09-23 05:00:00,6,2020-09-23,1990988.192
2020-09-23 06:00:00,7,2020-09-23,2049441.452
2020-09-23 07:00:00,8,2020-09-23,2141856.77
2020-09-23 08:00:00,9,2020-09-23,2274283.308
2020-09-23 09:00:00,10,2020-09-23,2432816.471
2020-09-23 10:00:00,11,2020-09-23,2456615.639
2020-09-23 11:00:00,12,2020-09-23,2415243.07
2020-09-23 12:00:00,13,2020-09-23,2376965.919
2020-09-23 13:00:00,14,2020-09-23,2271309.391
2020-09-23 14:00:00,15,2020-09-23,2151689.042
2020-09-23 15:00:00,16,2020-09-23,2085592.881
2020-09-23 16:00:00,17,2020-09-23,2059476.271
2020-09-23 17:00:00,18,2020-09-23,2077159.991
2020-09-23 18:00:00,19,2020-09-23,2152625.791
2020-09-23 19:00:00,20,2020-09-23,2242339.604
2020-09-23 20:00:00,21,2020-09-23,2269811.224
2020-09-23 21:00:00,22,2020-09-23,2314577.386
2020-09-23 22:00:00,23,2020-09-23,2309001.837
2020-09-23 23:00:00,24,2020-09-23,2242639.004
2020-09-24 00:00:00,1,2020-09-24,2121003.252
2020-09-24 01:00:00,2,2020-09-24,1987731.771
2020-09-24 02:00:00,3,2020-09-24,1906814.234
2020-09-24 03:00:00,4,2020-09-24,1883189.108
2020-09-24 04:00:00,5,2020-09-24,1909363.081
2020-09-24 05:00:00,6,2020-09-24,1943312.986
2020-09-24 06:00:00,7,2020-09-24,2002286.175
2020-09-24 07:00:00,8,2020-09-24,2096075.724
2020-09-24 08:00:00,9,2020-09-24,2228071.758
2020-09-24 09:00:00,10,2020-09-24,2381293.431
2020-09-24 10:00:00,11,2020-09-24,2404082.721
2020-09-24 11:00:00,12,2020-09-24,2362071.035
2020-09-24 12:00:00,13,2020-09-24,2312978.939
2020-09-24 13:00:00,14,2020-09-24,2196066.978
2020-09-24 14:00:00,15,2020-09-24,2075191.055
2020-09-24 15:00:00,16,2020-09-24,2014291.78
2020-09-24 16:00:00,17,2020-09-24,2002885.599
2020-09-24 17:00:00,18,2020-09-24,2034490.006
2020-09-24 18:00:00,19,2020-09-24,2119161.911
2020-09-24 19:00:00,20,2020-09-24,2221155.346
2020-09-24 20:00:00,21,2020-09-24,2273541.951
2020-09-24 21:00:00,22,2020-09-24,2341977.673
2020-09-24 22:00:00,23,2020-09-24,2359030.899
2020-09-24 23:00:00,24,2020-09-24,2303152.543
2020-09-25 00:00:00,1,2020-09-25,2172388.712
2020-09-25 01:00:00,2,2020-09-25,2019776.435
2020-09-25 02:00:00,3,2020-09-25,1922655.947
2020-09-25 03:00:00,4,2020-09-25,1892108.253
2020-09-25 04:00:00,5,2020-09-25,1915269.813
2020-09-25 05:00:00,6,2020-09-25,1950065.144
2020-09-25 06:00:00,7,2020-09-25,2012847.358
2020-09-25 07:00:00,8,2020-09-25,2112438.605
2020-09-25 08:00:00,9,2020-09-25,2250050.045
2020-09-25 09:00:00,10,2020-09-25,2412653.082
2020-09-25 10:00:00,11,2020-09-25,2460306.646
2020-09-25 11:00:00,12,2020-09-25,2438370.202
2020-09-25 12:00:00,13,2020-09-25,2397342.874
2020-09-25 13:00:00,14,2020-09-25,2277584.564
2020-09-25 14:00:00,15,2020-09-25,2143062.856
2020-09-25 15:00:00,16,2020-09-25,2071421.098
2020-09-25 16:00:00,17,2020-09-25,2056090.051
2020-09-25 17:00:00,18,2020-09-25,2091745.709
2020-09-25 18:00:00,19,2020-09-25,2180994.032
2020-09-25 19:00:00,20,2020-09-25,2281334.063
2020-09-25 20:00:00,21,2020-09-25,2316922.904
2020-09-25 21:00:00,22,2020-09-25,2355302.567
2020-09-25 22:00:00,23,2020-09-25,2351442.014
2020-09-25 23:00:00,24,2020-09-25,2295753.717
2020-09-26 00:00:00,1,2020-09-26,2183390.615
2020-09-26 01:00:00,2,2020-09-26,2041283.204
2020-09-26 02:00:00,3,2020-09-26,1939439.293
2020-09-26 03:00:00,4,2020-09-26,1897815.404
2020-09-26 04:00:00,5,2020-09-26,1913439.192
2020-09-26 05:00:00,6,2020-09-26,1951953.169
2020-09-26 06:00:00,7,2020-09-26,2015866.191
2020-09-26 07:00:00,8,2020-09-26,2105400.555
2020-09-26 08:00:00,9,2020-09-26,2205271.205
2020-09-26 09:00:00,10,2020-09-26,2326141.795
2020-09-26 10:00:00,11,2020-09-26,2383697.006
2020-09-26 11:00:00,12,2020-09-26,2396726.01
2020-09-26 12:00:00,13,2020-09-26,2379939.999
2020-09-26 13:00:00,14,2020-09-26,2264673.796
2020-09-26 14:00:00,15,2020-09-26,2115417.69
2020-09-26 15:00:00,16,2020-09-26,2025641.304
2020-09-26 16:00:00,17,2020-09-26,2000402.012
2020-09-26 17:00:00,18,2020-09-26,2052236.518
2020-09-26 18:00:00,19,2020-09-26,2179802.338
2020-09-26 19:00:00,20,2020-09-26,2325489.455
2020-09-26 20:00:00,21,2020-09-26,2400919.453
2020-09-26 21:00:00,22,2020-09-26,2432612.428
2020-09-26 22:00:00,23,2020-09-26,2392413.625
2020-09-26 23:00:00,24,2020-09-26,2311389.197
2020-09-27 00:00:00,1,2020-09-27,2188314.124
2020-09-27 01:00:00,2,2020-09-27,2047372.399
2020-09-27 02:00:00,3,2020-09-27,1945818.541
2020-09-27 03:00:00,4,2020-09-27,1900277.532
2020-09-27 04:00:00,5,2020-09-27,1911508.235
2020-09-27 05:00:00,6,2020-09-27,1945054.998
2020-09-27 06:00:00,7,2020-09-27,2009226.991
2020-09-27 07:00:00,8,2020-09-27,2089816.494
2020-09-27 08:00:00,9,2020-09-27,2177026.751
2020-09-27 09:00:00,10,2020-09-27,2287775.409
2020-09-27 10:00:00,11,2020-09-27,2342775.346
2020-09-27 11:00:00,12,2020-09-27,2357285.105
2020-09-27 12:00:00,13,2020-09-27,2325543.704
2020-09-27 13:00:00,14,2020-09-27,2188325.985
2020-09-27 14:00:00,15,2020-09-27,2030335.659
2020-09-27 15:00:00,16,2020-09-27,1950285.456
2020-09-27 16:00:00,17,2020-09-27,1947811.377
2020-09-27 17:00:00,18,2020-09-27,2020855.769
2020-09-27 18:00:00,19,2020-09-27,2173771.69
2020-09-27 19:00:00,20,2020-09-27,2357425.215
2020-09-27 20:00:00,21,2020-09-27,2488133.682
2020-09-27 21:00:00,22,2020-09-27,2574208.86
2020-09-27 22:00:00,23,2020-09-27,2559583.639
2020-09-27 23:00:00,24,2020-09-27,2462253.055
2020-09-28 00:00:00,1,2020-09-28,2304581.444
2020-09-28 01:00:00,2,2020-09-28,2139923.719
2020-09-28 02:00:00,3,2020-09-28,2027094.99
2020-09-28 03:00:00,4,2020-09-28,1974055.691
2020-09-28 04:00:00,5,2020-09-28,1973497.401
2020-09-28 05:00:00,6,2020-09-28,1993571.053
2020-09-28 06:00:00,7,2020-09-28,2061279.251
2020-09-28 07:00:00,8,2020-09-28,2187422.319
2020-09-28 08:00:00,9,2020-09-28,2361367.82
2020-09-28 09:00:00,10,2020-09-28,2548207.657
2020-09-28 10:00:00,11,2020-09-28,2605001.161
2020-09-28 11:00:00,12,2020-09-28,2580306.978
2020-09-28 12:00:00,13,2020-09-28,2520843.717
2020-09-28 13:00:00,14,2020-09-28,2384337.865
2020-09-28 14:00:00,15,2020-09-28,2243422.176
2020-09-28 15:00:00,16,2020-09-28,2180227.564
2020-09-28 16:00:00,17,2020-09-28,2184984.22
2020-09-28 17:00:00,18,2020-09-28,2238548.182
2020-09-28 18:00:00,19,2020-09-28,2342702.924
2020-09-28 19:00:00,20,2020-09-28,2460686.275
2020-09-28 20:00:00,21,2020-09-28,2530807.666
2020-09-28 21:00:00,22,2020-09-28,2608849.09
2020-09-28 22:00:00,23,2020-09-28,2625744.142
2020-09-28 23:00:00,24,2020-09-28,2564720.903
2020-09-29 00:00:00,1,2020-09-29,2432494.409
2020-09-29 01:00:00,2,2020-09-29,2271396.341
2020-09-29 02:00:00,3,2020-09-29,2151416.522
2020-09-29 03:00:00,4,2020-09-29,2087103.617
2020-09-29 04:00:00,5,2020-09-29,2079073.726
2020-09-29 05:00:00,6,2020-09-29,2103418.261
2020-09-29 06:00:00,7,2020-09-29,2185255.325
2020-09-29 07:00:00,8,2020-09-29,2345092.569
2020-09-29 08:00:00,9,2020-09-29,2557209.501
2020-09-29 09:00:00,10,2020-09-29,2757101.412
2020-09-29 10:00:00,11,2020-09-29,2809133.418
2020-09-29 11:00:00,12,2020-09-29,2773848.519
2020-09-29 12:00:00,13,2020-09-29,2710425.242
2020-09-29 13:00:00,14,2020-09-29,2578076.54
2020-09-29 14:00:00,15,2020-09-29,2434180.514
2020-09-29 15:00:00,16,2020-09-29,2350570.341
2020-09-29 16:00:00,17,2020-09-29,2334236.599
2020-09-29 17:00:00,18,2020-09-29,2375860.712
2020-09-29 18:00:00,19,2020-09-29,2466717.031
2020-09-29 19:00:00,20,2020-09-29,2563765.056
2020-09-29 20:00:00,21,2020-09-29,2609912.291
2020-09-29 21:00:00,22,2020-09-29,2673936.38
2020-09-29 22:00:00,23,2020-09-29,2696164.089
2020-09-29 23:00:00,24,2020-09-29,2650183.462
2020-09-30 00:00:00,1,2020-09-30,2531328.71
2020-09-30 01:00:00,2,2020-09-30,2369568.889
2020-09-30 02:00:00,3,2020-09-30,2234752.814
2020-09-30 03:00:00,4,2020-09-30,2150494.002
2020-09-30 04:00:00,5,2020-09-30,2128212.154
2020-09-30 05:00:00,6,2020-09-30,2144829.462
2020-09-30 06:00:00,7,2020-09-30,2225005.778
2020-09-30 07:00:00,8,2020-09-30,2375638.169
2020-09-30 08:00:00,9,2020-09-30,2558250.883
2020-09-30 09:00:00,10,2020-09-30,2715145.007
2020-09-30 10:00:00,11,2020-09-30,2737196.368
2020-09-30 11:00:00,12,2020-09-30,2689068.064
2020-09-30 12:00:00,13,2020-09-30,2628185.914
2020-09-30 13:00:00,14,2020-09-30,2509174.457
2020-09-30 14:00:00,15,2020-09-30,2381333.696
2020-09-30 15:00:00,16,2020-09-30,2317051.098
2020-09-30 16:00:00,17,2020-09-30,2320752.387
2020-09-30 17:00:00,18,2020-09-30,2385398.183
2020-09-30 18:00:00,19,2020-09-30,2511779.464
2020-09-30 19:00:00,20,2020-09-30,2657920.183
2020-09-30 20:00:00,21,2020-09-30,2756329.965
2020-09-30 21:00:00,22,2020-09-30,2859079.394
2020-09-30 22:00:00,23,2020-09-30,2902697.744
2020-09-30 23:00:00,24,2020-09-30,2858403.711
2020-10-01 00:00:00,1,2020-10-01,2730449.23
2020-10-01 01:00:00,2,2020-10-01,2557207.215
2020-10-01 02:00:00,3,2020-10-01,2411953.839
2020-10-01 03:00:00,4,2020-10-01,2319917.606
2020-10-01 04:00:00,5,2020-10-01,2292979.164
2020-10-01 05:00:00,6,2020-10-01,2316503.663
2020-10-01 06:00:00,7,2020-10-01,2417114.283
2020-10-01 07:00:00,8,2020-10-01,2591144.557
2020-10-01 08:00:00,9,2020-10-01,2779581.101
2020-10-01 09:00:00,10,2020-10-01,2932339.623
2020-10-01 10:00:00,11,2020-10-01,2949614.195
2020-10-01 11:00:00,12,2020-10-01,2900336.828
2020-10-01 12:00:00,13,2020-10-01,2846474.201
2020-10-01 13:00:00,14,2020-10-01,2745071.24
2020-10-01 14:00:00,15,2020-10-01,2642226.918
2020-10-01 15:00:00,16,2020-10-01,2593402.636
2020-10-01 16:00:00,17,2020-10-01,2599437.854
2020-10-01 17:00:00,18,2020-10-01,2654404.273
2020-10-01 18:00:00,19,2020-10-01,2768839.503
2020-10-01 19:00:00,20,2020-10-01,2909240.404
2020-10-01 20:00:00,21,2020-10-01,3008289.413
2020-10-01 21:00:00,22,2020-10-01,3117327.726
2020-10-01 22:00:00,23,2020-10-01,3165425.996
2020-10-01 23:00:00,24,2020-10-01,3121122.386
2020-10-02 00:00:00,1,2020-10-02,2988117.862
2020-10-02 01:00:00,2,2020-10-02,2806183.986
2020-10-02 02:00:00,3,2020-10-02,2651144.751
2020-10-02 03:00:00,4,2020-10-02,2549596.729
2020-10-02 04:00:00,5,2020-10-02,2517368.834
2020-10-02 05:00:00,6,2020-10-02,2542971.146
2020-10-02 06:00:00,7,2020-10-02,2649240.238
2020-10-02 07:00:00,8,2020-10-02,2817340.744
2020-10-02 08:00:00,9,2020-10-02,2987499.529
2020-10-02 09:00:00,10,2020-10-02,3130418.379
2020-10-02 10:00:00,11,2020-10-02,3151411.109
2020-10-02 11:00:00,12,2020-10-02,3107767.403
2020-10-02 12:00:00,13,2020-10-02,3055165.6
2020-10-02 13:00:00,14,2020-10-02,2953655.448
2020-10-02 14:00:00,15,2020-10-02,2853965.254
2020-10-02 15:00:00,16,2020-10-02,2806494.132
2020-10-02 16:00:00,17,2020-10-02,2808555.567
2020-10-02 17:00:00,18,2020-10-02,2854033.051
2020-10-02 18:00:00,19,2020-10-02,2954274.978
2020-10-02 19:00:00,20,2020-10-02,3073520.677
2020-10-02 20:00:00,21,2020-10-02,3142086.496
2020-10-02 21:00:00,22,2020-10-02,3216431.582
2020-10-02 22:00:00,23,2020-10-02,3245280.684
2020-10-02 23:00:00,24,2020-10-02,3210557.749
2020-10-03 00:00:00,1,2020-10-03,3108772.71
2020-10-03 01:00:00,2,2020-10-03,2959353.859
2020-10-03 02:00:00,3,2020-10-03,2824463.866
2020-10-03 03:00:00,4,2020-10-03,2732024.335
2020-10-03 04:00:00,5,2020-10-03,2706293.775
2020-10-03 05:00:00,6,2020-10-03,2737018.007
2020-10-03 06:00:00,7,2020-10-03,2833846.917
2020-10-03 07:00:00,8,2020-10-03,2961917.186
2020-10-03 08:00:00,9,2020-10-03,3075465.236
2020-10-03 09:00:00,10,2020-10-03,3178656.921
2020-10-03 10:00:00,11,2020-10-03,3198928.481
2020-10-03 11:00:00,12,2020-10-03,3178450.919
2020-10-03 12:00:00,13,2020-10-03,3145057.475
2020-10-03 13:00:00,14,2020-10-03,3044316.376
2020-10-03 14:00:00,15,2020-10-03,2928829.426
2020-10-03 15:00:00,16,2020-10-03,2861356.734
2020-10-03 16:00:00,17,2020-10-03,2852470.134
2020-10-03 17:00:00,18,2020-10-03,2908430.761
2020-10-03 18:00:00,19,2020-10-03,3045588.844
2020-10-03 19:00:00,20,2020-10-03,3219072.174
2020-10-03 20:00:00,21,2020-10-03,3336086.346
2020-10-03 21:00:00,22,2020-10-03,3425458.373
2020-10-03 22:00:00,23,2020-10-03,3444197.813
2020-10-03 23:00:00,24,2020-10-03,3401943.778
2020-10-04 00:00:00,1,2020-10-04,3310701.409
2020-10-04 01:00:00,2,2020-10-04,3189635.209
2020-10-04 02:00:00,3,2020-10-04,3087146.63
2020-10-04 03:00:00,4,2020-10-04,3019763.064
2020-10-04 04:00:00,5,2020-10-04,3009291.021
2020-10-04 05:00:00,6,2020-10-04,3043207.469
2020-10-04 06:00:00,7,2020-10-04,3125605.026
2020-10-04 07:00:00,8,2020-10-04,3221182.47
2020-10-04 08:00:00,9,2020-10-04,3303671.657
2020-10-04 09:00:00,10,2020-10-04,3389478.205
2020-10-04 10:00:00,11,2020-10-04,3406012.019
2020-10-04 11:00:00,12,2020-10-04,3388996.989
2020-10-04 12:00:00,13,2020-10-04,3355956.24
2020-10-04 13:00:00,14,2020-10-04,3251037.207
2020-10-04 14:00:00,15,2020-10-04,3134553.546
2020-10-04 15:00:00,16,2020-10-04,3073131.961
2020-10-04 16:00:00,17,2020-10-04,3070411.275
2020-10-04 17:00:00,18,2020-10-04,3124608.533
2020-10-04 18:00:00,19,2020-10-04,3259159.651
2020-10-04 19:00:00,20,2020-10-04,3441877.706
2020-10-04 20:00:00,21,2020-10-04,3584828.332
2020-10-04 21:00:00,22,2020-10-04,3704635.775
2020-10-04 22:00:00,23,2020-10-04,3740817.919
2020-10-04 23:00:00,24,2020-10-04,3696008.5
2020-10-05 00:00:00,1,2020-10-05,3592855.556
2020-10-05 01:00:00,2,2020-10-05,3472236.184
2020-10-05 02:00:00,3,2020-10-05,3387736.056
2020-10-05 03:00:00,4,2020-10-05,3342621.498
2020-10-05 04:00:00,5,2020-10-05,3348189.865
2020-10-05 05:00:00,6,2020-10-05,3386996.168
2020-10-05 06:00:00,7,2020-10-05,3473941.55
2020-10-05 07:00:00,8,2020-10-05,3597542.674
2020-10-05 08:00:00,9,2020-10-05,3740574.808
2020-10-05 09:00:00,10,2020-10-05,3887431.529
2020-10-05 10:00:00,11,2020-10-05,3922131.721
2020-10-05 11:00:00,12,2020-10-05,3882484.65
2020-10-05 12:00:00,13,2020-10-05,3817029.32
2020-10-05 13:00:00,14,2020-10-05,3696819.014
2020-10-05 14:00:00,15,2020-10-05,3594943.762
2020-10-05 15:00:00,16,2020-10-05,3565391.227
2020-10-05 16:00:00,17,2020-10-05,3579859.253
2020-10-05 17:00:00,18,2020-10-05,3602719.496
2020-10-05 18:00:00,19,2020-10-05,3654403.05
2020-10-05 19:00:00,20,2020-10-05,3724827.241
2020-10-05 20:00:00,21,2020-10-05,3766979.418
2020-10-05 21:00:00,22,2020-10-05,3841566.309
2020-10-05 22:00:00,23,2020-10-05,3891995.568
2020-10-05 23:00:00,24,2020-10-05,3888788.77
2020-10-06 00:00:00,1,2020-10-06,3826759.843
2020-10-06 01:00:00,2,2020-10-06,3739368.831
2020-10-06 02:00:00,3,2020-10-06,3682596.928
2020-10-06 03:00:00,4,2020-10-06,3659463.975
2020-10-06 04:00:00,5,2020-10-06,3684263.662
2020-10-06 05:00:00,6,2020-10-06,3736662.402
2020-10-06 06:00:00,7,2020-10-06,3832751.641
2020-10-06 07:00:00,8,2020-10-06,3975033.223
2020-10-06 08:00:00,9,2020-10-06,4149951.493
2020-10-06 09:00:00,10,2020-10-06,4328644.836
2020-10-06 10:00:00,11,2020-10-06,4382833.497
2020-10-06 11:00:00,12,2020-10-06,4353965.786
2020-10-06 12:00:00,13,2020-10-06,4297799.592
2020-10-06 13:00:00,14,2020-10-06,4183657.478
2020-10-06 14:00:00,15,2020-10-06,4081348.347
2020-10-06 15:00:00,16,2020-10-06,4042463.909
2020-10-06 16:00:00,17,2020-10-06,4042432.35
2020-10-06 17:00:00,18,2020-10-06,4047005.748
2020-10-06 18:00:00,19,2020-10-06,4076699.644
2020-10-06 19:00:00,20,2020-10-06,4121438.328
2020-10-06 20:00:00,21,2020-10-06,4140201.6
2020-10-06 21:00:00,22,2020-10-06,4210109.099
2020-10-06 22:00:00,23,2020-10-06,4279482.494
2020-10-06 23:00:00,24,2020-10-06,4305581.747
2020-10-07 00:00:00,1,2020-10-07,4272287.984
2020-10-07 01:00:00,2,2020-10-07,4207945.044
2020-10-07 02:00:00,3,2020-10-07,4168743.059
2020-10-07 03:00:00,4,2020-10-07,4158960.954
2020-10-07 04:00:00,5,2020-10-07,4197083.631
2020-10-07 05:00:00,6,2020-10-07,4260566.435
2020-10-07 06:00:00,7,2020-10-07,4361165.084
2020-10-07 07:00:00,8,2020-10-07,4501974.943
2020-10-07 08:00:00,9,2020-10-07,4667957.752
2020-10-07 09:00:00,10,2020-10-07,4833463.045
2020-10-07 10:00:00,11,2020-10-07,4886506.887
2020-10-07 11:00:00,12,2020-10-07,4875867.474
2020-10-07 12:00:00,13,2020-10-07,4851295.227
2020-10-07 13:00:00,14,2020-10-07,4771772.993
2020-10-07 14:00:00,15,2020-10-07,4695796.214
2020-10-07 15:00:00,16,2020-10-07,4668411.109
2020-10-07 16:00:00,17,2020-10-07,4669381.375
2020-10-07 17:00:00,18,2020-10-07,4675559.043
2020-10-07 18:00:00,19,2020-10-07,4716440.602
2020-10-07 19:00:00,20,2020-10-07,4783299.749
2020-10-07 20:00:00,21,2020-10-07,4829649.015
2020-10-07 21:00:00,22,2020-10-07,4919474.834
2020-10-07 22:00:00,23,2020-10-07,4998401.153
2020-10-07 23:00:00,24,2020-10-07,5025221.032
2020-10-08 00:00:00,1,2020-10-08,4992895.794
2020-10-08 01:00:00,2,2020-10-08,4938522.787
2020-10-08 02:00:00,3,2020-10-08,4918677.596
2020-10-08 03:00:00,4,2020-10-08,4932619.789
2020-10-08 04:00:00,5,2020-10-08,4992213.691
2020-10-08 05:00:00,6,2020-10-08,5071745.067
2020-10-08 06:00:00,7,2020-10-08,5179913.23
2020-10-08 07:00:00,8,2020-10-08,5320803.183
2020-10-08 08:00:00,9,2020-10-08,5480755.235
2020-10-08 09:00:00,10,2020-10-08,5634027.729
2020-10-08 10:00:00,11,2020-10-08,5685458.378
2020-10-08 11:00:00,12,2020-10-08,5682713.425
2020-10-08 12:00:00,13,2020-10-08,5667634.902
2020-10-08 13:00:00,14,2020-10-08,5603422.766
2020-10-08 14:00:00,15,2020-10-08,5542138.842
2020-10-08 15:00:00,16,2020-10-08,5519079.67
2020-10-08 16:00:00,17,2020-10-08,5511182.599
2020-10-08 17:00:00,18,2020-10-08,5498508.63
2020-10-08 18:00:00,19,2020-10-08,5512783.168
2020-10-08 19:00:00,20,2020-10-08,5550641.84
2020-10-08 20:00:00,21,2020-10-08,5574864.983
2020-10-08 21:00:00,22,2020-10-08,5642691.35
2020-10-08 22:00:00,23,2020-10-08,5707312.225
2020-10-08 23:00:00,24,2020-10-08,5729580.906
2020-10-09 00:00:00,1,2020-10-09,5701331.745
2020-10-09 01:00:00,2,2020-10-09,5657478.228
2020-10-09 02:00:00,3,2020-10-09,5649303.875
2020-10-09 03:00:00,4,2020-10-09,5672445.316
2020-10-09 04:00:00,5,2020-10-09,5731564.097
2020-10-09 05:00:00,6,2020-10-09,5798854.619
2020-10-09 06:00:00,7,2020-10-09,5878430.83
2020-10-09 07:00:00,8,2020-10-09,5974422.781
2020-10-09 08:00:00,9,2020-10-09,6081814.601
2020-10-09 09:00:00,10,2020-10-09,6186871.949
2020-10-09 10:00:00,11,2020-10-09,6215289.132
2020-10-09 11:00:00,12,2020-10-09,6205677.88
2020-10-09 12:00:00,13,2020-10-09,6186623.832
2020-10-09 13:00:00,14,2020-10-09,6126054.658
2020-10-09 14:00:00,15,2020-10-09,6070765.578
2020-10-09 15:00:00,16,2020-10-09,6050379.972
2020-10-09 16:00:00,17,2020-10-09,6042906.874
2020-10-09 17:00:00,18,2020-10-09,6031052.561
2020-10-09 18:00:00,19,2020-10-09,6039564.265
2020-10-09 19:00:00,20,2020-10-09,6059081.028
2020-10-09 20:00:00,21,2020-10-09,6056205.053
2020-10-09 21:00:00,22,2020-10-09,6084881.67
2020-10-09 22:00:00,23,2020-10-09,6118030.045
2020-10-09 23:00:00,24,2020-10-09,6130789.767
2020-10-10 00:00:00,1,2020-10-10,6112107.459
2020-10-10 01:00:00,2,2020-10-10,6080949.675
2020-10-10 02:00:00,3,2020-10-10,6073848.753
2020-10-10 03:00:00,4,2020-10-10,6085719.173
2020-10-10 04:00:00,5,2020-10-10,6121207.679
2020-10-10 05:00:00,6,2020-10-10,6154740.417
2020-10-10 06:00:00,7,2020-10-10,6186730.044
2020-10-10 07:00:00,8,2020-10-10,6220358.546
2020-10-10 08:00:00,9,2020-10-10,6262007.743
2020-10-10 09:00:00,10,2020-10-10,6319737.506
2020-10-10 10:00:00,11,2020-10-10,6337580.571
2020-10-10 11:00:00,12,2020-10-10,6340218.442
2020-10-10 12:00:00,13,2020-10-10,6333503.188
2020-10-10 13:00:00,14,2020-10-10,6278057.839
2020-10-10 14:00:00,15,2020-10-10,6216368.222
2020-10-10 15:00:00,16,2020-10-10,6182809.802
2020-10-10 16:00:00,17,2020-10-10,6166734.024
2020-10-10 17:00:00,18,2020-10-10,6161502.246
2020-10-10 18:00:00,19,2020-10-10,6191697.163
2020-10-10 19:00:00,20,2020-10-10,6238315.657
2020-10-10 20:00:00,21,2020-10-10,6254970.373
2020-10-10 21:00:00,22,2020-10-10,6275905.754
2020-10-10 22:00:00,23,2020-10-10,6281698.188
2020-10-10 23:00:00,24,2020-10-10,6267192.074
2020-10-11 00:00:00,1,2020-10-11,6233196.62
2020-10-11 01:00:00,2,2020-10-11,6197044.729
2020-10-11 02:00:00,3,2020-10-11,6186467.127
2020-10-11 03:00:00,4,2020-10-11,6192659.159
2020-10-11 04:00:00,5,2020-10-11,6217231.406
2020-10-11 05:00:00,6,2020-10-11,6235683.445
2020-10-11 06:00:00,7,2020-10-11,6249468.279
2020-10-11 07:00:00,8,2020-10-11,6261488.004
2020-10-11 08:00:00,9,2020-10-11,6282232.291
2020-10-11 09:00:00,10,2020-10-11,6323815.324
2020-10-11 10:00:00,11,2020-10-11,6333366.942
2020-10-11 11:00:00,12,2020-10-11,6329348.324
2020-10-11 12:00:00,13,2020-10-11,6311804.741
2020-10-11 13:00:00,14,2020-10-11,6243388.988
2020-10-11 14:00:00,15,2020-10-11,6168792.521
2020-10-11 15:00:00,16,2020-10-11,6125894.906
2020-10-11 16:00:00,17,2020-10-11,6103048.592
2020-10-11 17:00:00,18,2020-10-11,6091219.09
2020-10-11 18:00:00,19,2020-10-11,6118592.443
2020-10-11 19:00:00,20,2020-10-11,6171909.649
2020-10-11 20:00:00,21,2020-10-11,6205206.458
2020-10-11 21:00:00,22,2020-10-11,6240682.341
2020-10-11 22:00:00,23,2020-10-11,6247242.63
2020-10-11 23:00:00,24,2020-10-11,6216017.376
2020-10-12 00:00:00,1,2020-10-12,6155670.201
2020-10-12 01:00:00,2,2020-10-12,6095410.519
2020-10-12 02:00:00,3,2020-10-12,6067594.474
2020-10-12 03:00:00,4,2020-10-12,6060927.103
2020-10-12 04:00:00,5,2020-10-12,6074357.174
2020-10-12 05:00:00,6,2020-10-12,6085690.879
2020-10-12 06:00:00,7,2020-10-12,6104397.127
2020-10-12 07:00:00,8,2020-10-12,6138129.665
2020-10-12 08:00:00,9,2020-10-12,6191119.966
2020-10-12 09:00:00,10,2020-10-12,6252316.397
2020-10-12 10:00:00,11,2020-10-12,6250522.993
2020-10-12 11:00:00,12,2020-10-12,6211311.432
2020-10-12 12:00:00,13,2020-10-12,6157860.591
2020-10-12 13:00:00,14,2020-10-12,6070059.534
2020-10-12 14:00:00,15,2020-10-12,5998268.961
2020-10-12 15:00:00,16,2020-10-12,5972681.612
2020-10-12 16:00:00,17,2020-10-12,5963510.875
2020-10-12 17:00:00,18,2020-10-12,5943541.408
2020-10-12 18:00:00,19,2020-10-12,5938450.23
2020-10-12 19:00:00,20,2020-10-12,5948443.669
2020-10-12 20:00:00,21,2020-10-12,5949146.666
2020-10-12 21:00:00,22,2020-10-12,5982180.124
2020-10-12 22:00:00,23,2020-10-12,6008639.363
2020-10-12 23:00:00,24,2020-10-12,5996319.287
2020-10-13 00:00:00,1,2020-10-13,5939346.497
2020-10-13 01:00:00,2,2020-10-13,5865368.145
2020-10-13 02:00:00,3,2020-10-13,5812385.679
2020-10-13 03:00:00,4,2020-10-13,5776844.937
2020-10-13 04:00:00,5,2020-10-13,5766766.181
2020-10-13 05:00:00,6,2020-10-13,5763323.89
2020-10-13 06:00:00,7,2020-10-13,5778831.611
2020-10-13 07:00:00,8,2020-10-13,5824427.603
2020-10-13 08:00:00,9,2020-10-13,5900999.427
2020-10-13 09:00:00,10,2020-10-13,5984925.512
2020-10-13 10:00:00,11,2020-10-13,5992520.056
2020-10-13 11:00:00,12,2020-10-13,5953214.908
2020-10-13 12:00:00,13,2020-10-13,5898142.604
2020-10-13 13:00:00,14,2020-10-13,5807338.465
2020-10-13 14:00:00,15,2020-10-13,5731527.097
2020-10-13 15:00:00,16,2020-10-13,5702594.092
2020-10-13 16:00:00,17,2020-10-13,5694226.469
2020-10-13 17:00:00,18,2020-10-13,5681320.49
2020-10-13 18:00:00,19,2020-10-13,5688499.765
2020-10-13 19:00:00,20,2020-10-13,5712079.11
2020-10-13 20:00:00,21,2020-10-13,5726176.485
2020-10-13 21:00:00,22,2020-10-13,5777890.074
2020-10-13 22:00:00,23,2020-10-13,5824704.014
2020-10-13 23:00:00,24,2020-10-13,5823952.264
2020-10-14 00:00:00,1,2020-10-14,5766559.417
2020-10-14 01:00:00,2,2020-10-14,5680671.469
2020-10-14 02:00:00,3,2020-10-14,5609011.919
2020-10-14 03:00:00,4,2020-10-14,5557266.118
2020-10-14 04:00:00,5,2020-10-14,5541191.646
2020-10-14 05:00:00,6,2020-10-14,5544576.478
2020-10-14 06:00:00,7,2020-10-14,5577519.395
2020-10-14 07:00:00,8,2020-10-14,5645293.527
2020-10-14 08:00:00,9,2020-10-14,5740645.599
2020-10-14 09:00:00,10,2020-10-14,5837615.217
2020-10-14 10:00:00,11,2020-10-14,5856068.996
2020-10-14 11:00:00,12,2020-10-14,5827186.921
2020-10-14 12:00:00,13,2020-10-14,5780383.863
2020-10-14 13:00:00,14,2020-10-14,5692586.288
2020-10-14 14:00:00,15,2020-10-14,5612130.788
2020-10-14 15:00:00,16,2020-10-14,5572681.557
2020-10-14 16:00:00,17,2020-10-14,5556063.405
2020-10-14 17:00:00,18,2020-10-14,5547920.829
2020-10-14 18:00:00,19,2020-10-14,5577871.112
2020-10-14 19:00:00,20,2020-10-14,5637703.772
2020-10-14 20:00:00,21,2020-10-14,5690145.169
2020-10-14 21:00:00,22,2020-10-14,5766764.44
2020-10-14 22:00:00,23,2020-10-14,5818941.18
2020-10-14 23:00:00,24,2020-10-14,5806195.823
2020-10-15 00:00:00,1,2020-10-15,5730179.432
2020-10-15 01:00:00,2,2020-10-15,5628533.905
2020-10-15 02:00:00,3,2020-10-15,5548767.472
2020-10-15 03:00:00,4,2020-10-15,5498665.335
2020-10-15 04:00:00,5,2020-10-15,5492279.598
2020-10-15 05:00:00,6,2020-10-15,5513120.955
2020-10-15 06:00:00,7,2020-10-15,5569076.032
2020-10-15 07:00:00,8,2020-10-15,5659592.877
2020-10-15 08:00:00,9,2020-10-15,5771516.96
2020-10-15 09:00:00,10,2020-10-15,5876567.343
2020-10-15 10:00:00,11,2020-10-15,5899825.008
2020-10-15 11:00:00,12,2020-10-15,5870301.747
2020-10-15 12:00:00,13,2020-10-15,5815585.947
2020-10-15 13:00:00,14,2020-10-15,5718348.624
2020-10-15 14:00:00,15,2020-10-15,5629007.068
2020-10-15 15:00:00,16,2020-10-15,5581837.494
2020-10-15 16:00:00,17,2020-10-15,5561286.912
2020-10-15 17:00:00,18,2020-10-15,5555884.5
2020-10-15 18:00:00,19,2020-10-15,5595066.026
2020-10-15 19:00:00,20,2020-10-15,5669136.66
2020-10-15 20:00:00,21,2020-10-15,5737545.012
2020-10-15 21:00:00,22,2020-10-15,5822177.578
2020-10-15 22:00:00,23,2020-10-15,5871284.201
2020-10-15 23:00:00,24,2020-10-15,5844221.212
2020-10-16 00:00:00,1,2020-10-16,5745861.706
2020-10-16 01:00:00,2,2020-10-16,5617413.059
2020-10-16 02:00:00,3,2020-10-16,5510276.755
2020-10-16 03:00:00,4,2020-10-16,5437593.18
2020-10-16 04:00:00,5,2020-10-16,5414272.18
2020-10-16 05:00:00,6,2020-10-16,5423869.069
2020-10-16 06:00:00,7,2020-10-16,5471316.358
2020-10-16 07:00:00,8,2020-10-16,5552594.561
2020-10-16 08:00:00,9,2020-10-16,5655208.179
2020-10-16 09:00:00,10,2020-10-16,5756238.203
2020-10-16 10:00:00,11,2020-10-16,5783666.402
2020-10-16 11:00:00,12,2020-10-16,5757916.254
2020-10-16 12:00:00,13,2020-10-16,5700484.231
2020-10-16 13:00:00,14,2020-10-16,5597468.839
2020-10-16 14:00:00,15,2020-10-16,5501937.862
2020-10-16 15:00:00,16,2020-10-16,5451531.455
2020-10-16 16:00:00,17,2020-10-16,5434172.871
2020-10-16 17:00:00,18,2020-10-16,5438648.546
2020-10-16 18:00:00,19,2020-10-16,5487816.111
2020-10-16 19:00:00,20,2020-10-16,5564052.324
2020-10-16 20:00:00,21,2020-10-16,5623235.963
2020-10-16 21:00:00,22,2020-10-16,5687112.053
2020-10-16 22:00:00,23,2020-10-16,5715340.755
2020-10-16 23:00:00,24,2020-10-16,5675215.081
2020-10-17 00:00:00,1,2020-10-17,5568428.317
2020-10-17 01:00:00,2,2020-10-17,5426829.491
2020-10-17 02:00:00,3,2020-10-17,5297195.761
2020-10-17 03:00:00,4,2020-10-17,5197373.455
2020-10-17 04:00:00,5,2020-10-17,5147511.599
2020-10-17 05:00:00,6,2020-10-17,5133194.62
2020-10-17 06:00:00,7,2020-10-17,5155650.476
2020-10-17 07:00:00,8,2020-10-17,5207232.825
2020-10-17 08:00:00,9,2020-10-17,5280698.402
2020-10-17 09:00:00,10,2020-10-17,5367137.866
2020-10-17 10:00:00,11,2020-10-17,5400490.393
2020-10-17 11:00:00,12,2020-10-17,5387673.648
2020-10-17 12:00:00,13,2020-10-17,5333827.127
2020-10-17 13:00:00,14,2020-10-17,5217784.309
2020-10-17 14:00:00,15,2020-10-17,5093573.884
2020-10-17 15:00:00,16,2020-10-17,5008691.244
2020-10-17 16:00:00,17,2020-10-17,4964953.297
2020-10-17 17:00:00,18,2020-10-17,4960527.898
2020-10-17 18:00:00,19,2020-10-17,5017298.495
2020-10-17 19:00:00,20,2020-10-17,5107622.724
2020-10-17 20:00:00,21,2020-10-17,5172452.321
2020-10-17 21:00:00,22,2020-10-17,5220513.373
2020-10-17 22:00:00,23,2020-10-17,5219517.207
2020-10-17 23:00:00,24,2020-10-17,5153255.716
2020-10-18 00:00:00,1,2020-10-18,5031024.348
2020-10-18 01:00:00,2,2020-10-18,4883167.978
2020-10-18 02:00:00,3,2020-10-18,4750613.437
2020-10-18 03:00:00,4,2020-10-18,4647147.735
2020-10-18 04:00:00,5,2020-10-18,4590183.216
2020-10-18 05:00:00,6,2020-10-18,4563898.964
2020-10-18 06:00:00,7,2020-10-18,4569003.636
2020-10-18 07:00:00,8,2020-10-18,4597677.425
2020-10-18 08:00:00,9,2020-10-18,4646486.091
2020-10-18 09:00:00,10,2020-10-18,4711378.806
2020-10-18 10:00:00,11,2020-10-18,4728902.583
2020-10-18 11:00:00,12,2020-10-18,4702472.944
2020-10-18 12:00:00,13,2020-10-18,4633368.559
2020-10-18 13:00:00,14,2020-10-18,4500865.165
2020-10-18 14:00:00,15,2020-10-18,4360229.206
2020-10-18 15:00:00,16,2020-10-18,4261422.872
2020-10-18 16:00:00,17,2020-10-18,4207417.687
2020-10-18 17:00:00,18,2020-10-18,4194633.154
2020-10-18 18:00:00,19,2020-10-18,4245798.492
2020-10-18 19:00:00,20,2020-10-18,4338040.401
2020-10-18 20:00:00,21,2020-10-18,4413926.857
2020-10-18 21:00:00,22,2020-10-18,4472446.676
2020-10-18 22:00:00,23,2020-10-18,4473071.32
2020-10-18 23:00:00,24,2020-10-18,4399079.691
2020-10-19 00:00:00,1,2020-10-19,4266399.568
2020-10-19 01:00:00,2,2020-10-19,4115777.352
2020-10-19 02:00:00,3,2020-10-19,3989603.978
2020-10-19 03:00:00,4,2020-10-19,3896443.384
2020-10-19 04:00:00,5,2020-10-19,3847055.344
2020-10-19 05:00:00,6,2020-10-19,3826029.858
2020-10-19 06:00:00,7,2020-10-19,3840984.105
2020-10-19 07:00:00,8,2020-10-19,3890311.64
2020-10-19 08:00:00,9,2020-10-19,3964520.915
2020-10-19 09:00:00,10,2020-10-19,4040811.539
2020-10-19 10:00:00,11,2020-10-19,4046617.25
2020-10-19 11:00:00,12,2020-10-19,3994766.108
2020-10-19 12:00:00,13,2020-10-19,3907926.176
2020-10-19 13:00:00,14,2020-10-19,3783138.119
2020-10-19 14:00:00,15,2020-10-19,3672952.811
2020-10-19 15:00:00,16,2020-10-19,3611409.561
2020-10-19 16:00:00,17,2020-10-19,3584627.444
2020-10-19 17:00:00,18,2020-10-19,3573669.071
2020-10-19 18:00:00,19,2020-10-19,3594925.588
2020-10-19 19:00:00,20,2020-10-19,3638233.249
2020-10-19 20:00:00,21,2020-10-19,3673336.521
2020-10-19 21:00:00,22,2020-10-19,3718593.856
2020-10-19 22:00:00,23,2020-10-19,3737818.538
2020-10-19 23:00:00,24,2020-10-19,3702617.542
2020-10-20 00:00:00,1,2020-10-20,3613697.675
2020-10-20 01:00:00,2,2020-10-20,3504097.726
2020-10-20 02:00:00,3,2020-10-20,3413620.274
2020-10-20 03:00:00,4,2020-10-20,3350559.596
2020-10-20 04:00:00,5,2020-10-20,3324991.835
2020-10-20 05:00:00,6,2020-10-20,3323079.27
2020-10-20 06:00:00,7,2020-10-20,3353552.665
2020-10-20 07:00:00,8,2020-10-20,3418485.754
2020-10-20 08:00:00,9,2020-10-20,3506096.915
2020-10-20 09:00:00,10,2020-10-20,3588032.627
2020-10-20 10:00:00,11,2020-10-20,3596998.776
2020-10-20 11:00:00,12,2020-10-20,3552437.474
2020-10-20 12:00:00,13,2020-10-20,3483314.48
2020-10-20 13:00:00,14,2020-10-20,3387572.931
2020-10-20 14:00:00,15,2020-10-20,3306333.033
2020-10-20 15:00:00,16,2020-10-20,3263618.567
2020-10-20 16:00:00,17,2020-10-20,3247315.567
2020-10-20 17:00:00,18,2020-10-20,3241985.957
2020-10-20 18:00:00,19,2020-10-20,3261291.604
2020-10-20 19:00:00,20,2020-10-20,3295750.535
2020-10-20 20:00:00,21,2020-10-20,3323016.479
2020-10-20 21:00:00,22,2020-10-20,3366626.233
2020-10-20 22:00:00,23,2020-10-20,3396602.415
2020-10-20 23:00:00,24,2020-10-20,3383485.863
2020-10-21 00:00:00,1,2020-10-21,3322252.324
2020-10-21 01:00:00,2,2020-10-21,3240613.699
2020-10-21 02:00:00,3,2020-10-21,3175308.327
2020-10-21 03:00:00,4,2020-10-21,3134586.737
2020-10-21 04:00:00,5,2020-10-21,3127331.069
2020-10-21 05:00:00,6,2020-10-21,3139463.316
2020-10-21 06:00:00,7,2020-10-21,3177008.361
2020-10-21 07:00:00,8,2020-10-21,3240633.396
2020-10-21 08:00:00,9,2020-10-21,3317445.718
2020-10-21 09:00:00,10,2020-10-21,3384085.152
2020-10-21 10:00:00,11,2020-10-21,3386907.913
2020-10-21 11:00:00,12,2020-10-21,3349505.1
2020-10-21 12:00:00,13,2020-10-21,3298301.456
2020-10-21 13:00:00,14,2020-10-21,3226011.929
2020-10-21 14:00:00,15,2020-10-21,3163401.669
2020-10-21 15:00:00,16,2020-10-21,3129545.618
2020-10-21 16:00:00,17,2020-10-21,3116851.408
2020-10-21 17:00:00,18,2020-10-21,3117110.298
2020-10-21 18:00:00,19,2020-10-21,3145582.763
2020-10-21 19:00:00,20,2020-10-21,3192183.845
2020-10-21 20:00:00,21,2020-10-21,3231437.629
2020-10-21 21:00:00,22,2020-10-21,3278840.193
2020-10-21 22:00:00,23,2020-10-21,3303813.779
2020-10-21 23:00:00,24,2020-10-21,3281516.478
2020-10-22 00:00:00,1,2020-10-22,3214270.247
2020-10-22 01:00:00,2,2020-10-22,3134271.803
2020-10-22 02:00:00,3,2020-10-22,3076784.824
2020-10-22 03:00:00,4,2020-10-22,3046569.449
2020-10-22 04:00:00,5,2020-10-22,3047980.34
2020-10-22 05:00:00,6,2020-10-22,3066061.509
2020-10-22 06:00:00,7,2020-10-22,3105952.452
2020-10-22 07:00:00,8,2020-10-22,3166765.063
2020-10-22 08:00:00,9,2020-10-22,3235103.987
2020-10-22 09:00:00,10,2020-10-22,3290489.484
2020-10-22 10:00:00,11,2020-10-22,3286902.24
2020-10-22 11:00:00,12,2020-10-22,3248619.594
2020-10-22 12:00:00,13,2020-10-22,3200283.11
2020-10-22 13:00:00,14,2020-10-22,3135214.755
2020-10-22 14:00:00,15,2020-10-22,3080946.653
2020-10-22 15:00:00,16,2020-10-22,3052492.035
2020-10-22 16:00:00,17,2020-10-22,3041372.821
2020-10-22 17:00:00,18,2020-10-22,3040245.196
2020-10-22 18:00:00,19,2020-10-22,3064808.955
2020-10-22 19:00:00,20,2020-10-22,3106888.657
2020-10-22 20:00:00,21,2020-10-22,3142077.137
2020-10-22 21:00:00,22,2020-10-22,3183347.63
2020-10-22 22:00:00,23,2020-10-22,3201718.922
2020-10-22 23:00:00,24,2020-10-22,3175332.377
2020-10-23 00:00:00,1,2020-10-23,3107959.584
2020-10-23 01:00:00,2,2020-10-23,3030345.345
2020-10-23 02:00:00,3,2020-10-23,2975678.189
2020-10-23 03:00:00,4,2020-10-23,2947619.686
2020-10-23 04:00:00,5,2020-10-23,2949214.271
2020-10-23 05:00:00,6,2020-10-23,2964942.576
2020-10-23 06:00:00,7,2020-10-23,2998499.255
2020-10-23 07:00:00,8,2020-10-23,3048061.086
2020-10-23 08:00:00,9,2020-10-23,3102768.833
2020-10-23 09:00:00,10,2020-10-23,3148821.882
2020-10-23 10:00:00,11,2020-10-23,3146302.41
2020-10-23 11:00:00,12,2020-10-23,3114369.48
2020-10-23 12:00:00,13,2020-10-23,3071794.416
2020-10-23 13:00:00,14,2020-10-23,3012930.39
2020-10-23 14:00:00,15,2020-10-23,2964933.218
2020-10-23 15:00:00,16,2020-10-23,2942131.304
2020-10-23 16:00:00,17,2020-10-23,2936675.46
2020-10-23 17:00:00,18,2020-10-23,2940223.527
2020-10-23 18:00:00,19,2020-10-23,2964659.419
2020-10-23 19:00:00,20,2020-10-23,2999388.557
2020-10-23 20:00:00,21,2020-10-23,3020379.655
2020-10-23 21:00:00,22,2020-10-23,3043702.287
2020-10-23 22:00:00,23,2020-10-23,3051935.84
2020-10-23 23:00:00,24,2020-10-23,3032365.427
2020-10-24 00:00:00,1,2020-10-24,2985061.349
2020-10-24 01:00:00,2,2020-10-24,2928103.576
2020-10-24 02:00:00,3,2020-10-24,2885198.778
2020-10-24 03:00:00,4,2020-10-24,2860035.622
2020-10-24 04:00:00,5,2020-10-24,2858804.289
2020-10-24 05:00:00,6,2020-10-24,2867528.634
2020-10-24 06:00:00,7,2020-10-24,2887317.999
2020-10-24 07:00:00,8,2020-10-24,2916212.916
2020-10-24 08:00:00,9,2020-10-24,2950018.146
2020-10-24 09:00:00,10,2020-10-24,2986837.776
2020-10-24 10:00:00,11,2020-10-24,2994929.75
2020-10-24 11:00:00,12,2020-10-24,2983956.468
2020-10-24 12:00:00,13,2020-10-24,2959362.347
2020-10-24 13:00:00,14,2020-10-24,2910459.549
2020-10-24 14:00:00,15,2020-10-24,2863877.294
2020-10-24 15:00:00,16,2020-10-24,2838582.57
2020-10-24 16:00:00,17,2020-10-24,2833451.128
2020-10-24 17:00:00,18,2020-10-24,2844271.731
2020-10-24 18:00:00,19,2020-10-24,2880690.239
2020-10-24 19:00:00,20,2020-10-24,2927256.28
2020-10-24 20:00:00,21,2020-10-24,2953748.383
2020-10-24 21:00:00,22,2020-10-24,2970077.61
2020-10-24 22:00:00,23,2020-10-24,2965352.078
2020-10-24 23:00:00,24,2020-10-24,2938619.04
2020-10-25 00:00:00,1,2020-10-25,2895637.086
2020-10-25 01:00:00,2,2020-10-25,2851014.952
2020-10-25 02:00:00,3,2020-10-25,2820772.153
2020-10-25 03:00:00,4,2020-10-25,2804506.479
2020-10-25 04:00:00,5,2020-10-25,2806356.58
2020-10-25 05:00:00,6,2020-10-25,2812766.367
2020-10-25 06:00:00,7,2020-10-25,2825259.472
2020-10-25 07:00:00,8,2020-10-25,2843752.319
2020-10-25 08:00:00,9,2020-10-25,2867874.038
2020-10-25 09:00:00,10,2020-10-25,2898747.25
2020-10-25 10:00:00,11,2020-10-25,2906891.459
2020-10-25 11:00:00,12,2020-10-25,2898896.446
2020-10-25 12:00:00,13,2020-10-25,2876828.435
2020-10-25 13:00:00,14,2020-10-25,2830644.799
2020-10-25 14:00:00,15,2020-10-25,2786936.125
2020-10-25 15:00:00,16,2020-10-25,2764340.866
2020-10-25 16:00:00,17,2020-10-25,2760735.776
2020-10-25 17:00:00,18,2020-10-25,2770828.353
2020-10-25 18:00:00,19,2020-10-25,2805248.543
2020-10-25 19:00:00,20,2020-10-25,2852301.894
2020-10-25 20:00:00,21,2020-10-25,2884277.265
2020-10-25 21:00:00,22,2020-10-25,2906909.741
2020-10-25 22:00:00,23,2020-10-25,2905030.584
2020-10-25 23:00:00,24,2020-10-25,2876168.206
2020-10-26 00:00:00,1,2020-10-26,2829948.984
2020-10-26 01:00:00,2,2020-10-26,2786618.035
2020-10-26 02:00:00,3,2020-10-26,2762614.062
2020-10-26 03:00:00,4,2020-10-26,2753644.756
2020-10-26 04:00:00,5,2020-10-26,2759993.603
2020-10-26 05:00:00,6,2020-10-26,2769011.987
2020-10-26 06:00:00,7,2020-10-26,2786298.639
2020-10-26 07:00:00,8,2020-10-26,2815130.548
2020-10-26 08:00:00,9,2020-10-26,2851638.073
2020-10-26 09:00:00,10,2020-10-26,2886651.675
2020-10-26 10:00:00,11,2020-10-26,2885718.082
2020-10-26 11:00:00,12,2020-10-26,2861671.994
2020-10-26 12:00:00,13,2020-10-26,2828339.382
2020-10-26 13:00:00,14,2020-10-26,2783575.234
2020-10-26 14:00:00,15,2020-10-26,2751639.365
2020-10-26 15:00:00,16,2020-10-26,2742733.286
2020-10-26 16:00:00,17,2020-10-26,2745390.636
2020-10-26 17:00:00,18,2020-10-26,2747188.828
2020-10-26 18:00:00,19,2020-10-26,2757781.23
2020-10-26 19:00:00,20,2020-10-26,2773305.057
2020-10-26 20:00:00,21,2020-10-26,2780540.267
2020-10-26 21:00:00,22,2020-10-26,2796564.354
2020-10-26 22:00:00,23,2020-10-26,2806984.924
2020-10-26 23:00:00,24,2020-10-26,2798608.486
2020-10-27 00:00:00,1,2020-10-27,2769931.107
2020-10-27 01:00:00,2,2020-10-27,2737045.54
2020-10-27 02:00:00,3,2020-10-27,2717644.129
2020-10-27 03:00:00,4,2020-10-27,2709735.195
2020-10-27 04:00:00,5,2020-10-27,2715019.317
2020-10-27 05:00:00,6,2020-10-27,2722552.702
2020-10-27 06:00:00,7,2020-10-27,2739265.421
2020-10-27 07:00:00,8,2020-10-27,2770229.5
2020-10-27 08:00:00,9,2020-10-27,2809857.526
2020-10-27 09:00:00,10,2020-10-27,2845091.06
2020-10-27 10:00:00,11,2020-10-27,2841867.068
2020-10-27 11:00:00,12,2020-10-27,2816368.41
2020-10-27 12:00:00,13,2020-10-27,2785412.602
2020-10-27 13:00:00,14,2020-10-27,2745795.349
2020-10-27 14:00:00,15,2020-10-27,2717650.441
2020-10-27 15:00:00,16,2020-10-27,2709054.834
2020-10-27 16:00:00,17,2020-10-27,2709994.412
2020-10-27 17:00:00,18,2020-10-27,2709481.747
2020-10-27 18:00:00,19,2020-10-27,2715571.05
2020-10-27 19:00:00,20,2020-10-27,2723834.529
2020-10-27 20:00:00,21,2020-10-27,2723826.041
2020-10-27 21:00:00,22,2020-10-27,2736175.064
2020-10-27 22:00:00,23,2020-10-27,2748221.45
2020-10-27 23:00:00,24,2020-10-27,2743980.833
2020-10-28 00:00:00,1,2020-10-28,2719155.573
2020-10-28 01:00:00,2,2020-10-28,2688519.051
2020-10-28 02:00:00,3,2020-10-28,2670119.031
2020-10-28 03:00:00,4,2020-10-28,2663041.124
2020-10-28 04:00:00,5,2020-10-28,2669270.701
2020-10-28 05:00:00,6,2020-10-28,2677669.664
2020-10-28 06:00:00,7,2020-10-28,2693518.002
2020-10-28 07:00:00,8,2020-10-28,2720113.76
2020-10-28 08:00:00,9,2020-10-28,2750577.687
2020-10-28 09:00:00,10,2020-10-28,2774200.236
2020-10-28 10:00:00,11,2020-10-28,2763523.605
2020-10-28 11:00:00,12,2020-10-28,2737667.355
2020-10-28 12:00:00,13,2020-10-28,2712128.106
2020-10-28 13:00:00,14,2020-10-28,2679669.016
2020-10-28 14:00:00,15,2020-10-28,2655443.751
2020-10-28 15:00:00,16,2020-10-28,2646402.731
2020-10-28 16:00:00,17,2020-10-28,2646031.862
2020-10-28 17:00:00,18,2020-10-28,2647782.009
2020-10-28 18:00:00,19,2020-10-28,2660780.108
2020-10-28 19:00:00,20,2020-10-28,2678858.175
2020-10-28 20:00:00,21,2020-10-28,2687187.438
2020-10-28 21:00:00,22,2020-10-28,2700731.774
2020-10-28 22:00:00,23,2020-10-28,2705172.571
2020-10-28 23:00:00,24,2020-10-28,2687783.516
2020-10-29 00:00:00,1,2020-10-29,2651393.955
2020-10-29 01:00:00,2,2020-10-29,2615333.965
2020-10-29 02:00:00,3,2020-10-29,2597472.673
2020-10-29 03:00:00,4,2020-10-29,2594765.264
2020-10-29 04:00:00,5,2020-10-29,2606682.749
2020-10-29 05:00:00,6,2020-10-29,2620983.242
2020-10-29 06:00:00,7,2020-10-29,2641198.16
2020-10-29 07:00:00,8,2020-10-29,2668313.384
2020-10-29 08:00:00,9,2020-10-29,2693747.238
2020-10-29 09:00:00,10,2020-10-29,2708166.946
2020-10-29 10:00:00,11,2020-10-29,2688988.079
2020-10-29 11:00:00,12,2020-10-29,2657728.927
2020-10-29 12:00:00,13,2020-10-29,2630246.479
2020-10-29 13:00:00,14,2020-10-29,2599259.983
2020-10-29 14:00:00,15,2020-10-29,2577841.319
2020-10-29 15:00:00,16,2020-10-29,2570845.139
2020-10-29 16:00:00,17,2020-10-29,2571068.498
2020-10-29 17:00:00,18,2020-10-29,2572885.354
2020-10-29 18:00:00,19,2020-10-29,2585808.636
2020-10-29 19:00:00,20,2020-10-29,2603930.56
2020-10-29 20:00:00,21,2020-10-29,2612078.632
2020-10-29 21:00:00,22,2020-10-29,2623123.792
2020-10-29 22:00:00,23,2020-10-29,2623610.449
2020-10-29 23:00:00,24,2020-10-29,2603261.08
2020-10-30 00:00:00,1,2020-10-30,2566569.59
2020-10-30 01:00:00,2,2020-10-30,2531743.707
2020-10-30 02:00:00,3,2020-10-30,2515001.334
2020-10-30 03:00:00,4,2020-10-30,2513692.845
2020-10-30 04:00:00,5,2020-10-30,2527250.294
2020-10-30 05:00:00,6,2020-10-30,2543427.822
2020-10-30 06:00:00,7,2020-10-30,2563979.438
2020-10-30 07:00:00,8,2020-10-30,2588198.336
2020-10-30 08:00:00,9,2020-10-30,2608464.945
2020-10-30 09:00:00,10,2020-10-30,2619174.113
2020-10-30 10:00:00,11,2020-10-30,2601484.381
2020-10-30 11:00:00,12,2020-10-30,2574154.013
2020-10-30 12:00:00,13,2020-10-30,2550184.918
2020-10-30 13:00:00,14,2020-10-30,2523118.391
2020-10-30 14:00:00,15,2020-10-30,2506483.535
2020-10-30 15:00:00,16,2020-10-30,2505415.763
2020-10-30 16:00:00,17,2020-10-30,2512799.571
2020-10-30 17:00:00,18,2020-10-30,2522200.523
2020-10-30 18:00:00,19,2020-10-30,2540079.118
2020-10-30 19:00:00,20,2020-10-30,2558142.495
2020-10-30 20:00:00,21,2020-10-30,2561151.072
2020-10-30 21:00:00,22,2020-10-30,2563990.538
2020-10-30 22:00:00,23,2020-10-30,2560614.52
2020-10-30 23:00:00,24,2020-10-30,2545991.421
2020-10-31 00:00:00,1,2020-10-31,2521743.847
2020-10-31 01:00:00,2,2020-10-31,2497789.715
2020-10-31 02:00:00,3,2020-10-31,2485328.876
2020-10-31 03:00:00,4,2020-10-31,2483468.764
2020-10-31 04:00:00,5,2020-10-31,2494659.746
2020-10-31 05:00:00,6,2020-10-31,2508168.66
2020-10-31 06:00:00,7,2020-10-31,2524044.312
2020-10-31 07:00:00,8,2020-10-31,2540678.679
2020-10-31 08:00:00,9,2020-10-31,2554269.918
2020-10-31 09:00:00,10,2020-10-31,2565494.146
2020-10-31 10:00:00,11,2020-10-31,2558514.343
2020-10-31 11:00:00,12,2020-10-31,2544949.331
2020-10-31 12:00:00,13,2020-10-31,2529751.919
2020-10-31 13:00:00,14,2020-10-31,2504429.663
2020-10-31 14:00:00,15,2020-10-31,2484150.921
2020-10-31 15:00:00,16,2020-10-31,2478488.258
2020-10-31 16:00:00,17,2020-10-31,2485347.594
2020-10-31 17:00:00,18,2020-10-31,2501085.857
2020-10-31 18:00:00,19,2020-10-31,2530463.622
2020-10-31 19:00:00,20,2020-10-31,2560797.941
2020-10-31 20:00:00,21,2020-10-31,2571005.816
2020-10-31 21:00:00,22,2020-10-31,2571429.192
2020-10-31 22:00:00,23,2020-10-31,2559901.62
2020-10-31 23:00:00,24,2020-10-31,2538779.662
