,UCM,Ora,Data
2020-09-01 00:00:00,2402987.277,1,2020-09-01
2020-09-01 01:00:00,2058592.851,2,2020-09-01
2020-09-01 02:00:00,1877498.957,3,2020-09-01
2020-09-01 03:00:00,1798558.054,4,2020-09-01
2020-09-01 04:00:00,1787529.49,5,2020-09-01
2020-09-01 05:00:00,1860214.657,6,2020-09-01
2020-09-01 06:00:00,2090708.604,7,2020-09-01
2020-09-01 07:00:00,2471559.787,8,2020-09-01
2020-09-01 08:00:00,3083049.797,9,2020-09-01
2020-09-01 09:00:00,3335494.879,10,2020-09-01
2020-09-01 10:00:00,3445186.913,11,2020-09-01
2020-09-01 11:00:00,3567261.936,12,2020-09-01
2020-09-01 12:00:00,3508458.211,13,2020-09-01
2020-09-01 13:00:00,3455732.857,14,2020-09-01
2020-09-01 14:00:00,3591131.478,15,2020-09-01
2020-09-01 15:00:00,3698553.045,16,2020-09-01
2020-09-01 16:00:00,3883407.418,17,2020-09-01
2020-09-01 17:00:00,4093650.973,18,2020-09-01
2020-09-01 18:00:00,4408064.394,19,2020-09-01
2020-09-01 19:00:00,4583810.673,20,2020-09-01
2020-09-01 20:00:00,4732439.698,21,2020-09-01
2020-09-01 21:00:00,4316226.393,22,2020-09-01
2020-09-01 22:00:00,3826401.789,23,2020-09-01
2020-09-01 23:00:00,3303621.828,24,2020-09-01
2020-09-02 00:00:00,2776047.787,1,2020-09-02
2020-09-02 01:00:00,2421135.82,2,2020-09-02
2020-09-02 02:00:00,2218488.386,3,2020-09-02
2020-09-02 03:00:00,2108786.99,4,2020-09-02
2020-09-02 04:00:00,2059888.86,5,2020-09-02
2020-09-02 05:00:00,2089858.962,6,2020-09-02
2020-09-02 06:00:00,2275116.105,7,2020-09-02
2020-09-02 07:00:00,2610489.552,8,2020-09-02
2020-09-02 08:00:00,3178402.428,9,2020-09-02
2020-09-02 09:00:00,3391087.714,10,2020-09-02
2020-09-02 10:00:00,3466457.881,11,2020-09-02
2020-09-02 11:00:00,3560918.781,12,2020-09-02
2020-09-02 12:00:00,3482091.57,13,2020-09-02
2020-09-02 13:00:00,3417412.455,14,2020-09-02
2020-09-02 14:00:00,3549004.608,15,2020-09-02
2020-09-02 15:00:00,3660463.498,16,2020-09-02
2020-09-02 16:00:00,3856551.242,17,2020-09-02
2020-09-02 17:00:00,4084282.947,18,2020-09-02
2020-09-02 18:00:00,4421266.069,19,2020-09-02
2020-09-02 19:00:00,4623327.416,20,2020-09-02
2020-09-02 20:00:00,4800590.541,21,2020-09-02
2020-09-02 21:00:00,4413886.862,22,2020-09-02
2020-09-02 22:00:00,3953056.381,23,2020-09-02
2020-09-02 23:00:00,3457479.625,24,2020-09-02
2020-09-03 00:00:00,2954211.994,1,2020-09-03
2020-09-03 01:00:00,2619815.869,2,2020-09-03
2020-09-03 02:00:00,2433241.752,3,2020-09-03
2020-09-03 03:00:00,2334777.116,4,2020-09-03
2020-09-03 04:00:00,2292145.48,5,2020-09-03
2020-09-03 05:00:00,2323527.776,6,2020-09-03
2020-09-03 06:00:00,2505685.987,7,2020-09-03
2020-09-03 07:00:00,2833987.275,8,2020-09-03
2020-09-03 08:00:00,3391547.072,9,2020-09-03
2020-09-03 09:00:00,3591399.479,10,2020-09-03
2020-09-03 10:00:00,3652318.621,11,2020-09-03
2020-09-03 11:00:00,3731584.279,12,2020-09-03
2020-09-03 12:00:00,3637658.064,13,2020-09-03
2020-09-03 13:00:00,3558742.196,14,2020-09-03
2020-09-03 14:00:00,3677617.115,15,2020-09-03
2020-09-03 15:00:00,3778400.596,16,2020-09-03
2020-09-03 16:00:00,3966224.893,17,2020-09-03
2020-09-03 17:00:00,4188315.231,18,2020-09-03
2020-09-03 18:00:00,4522330.527,19,2020-09-03
2020-09-03 19:00:00,4724000.263,20,2020-09-03
2020-09-03 20:00:00,4903219.16,21,2020-09-03
2020-09-03 21:00:00,4520481.474,22,2020-09-03
2020-09-03 22:00:00,4065209.045,23,2020-09-03
2020-09-03 23:00:00,3576312.825,24,2020-09-03
2020-09-04 00:00:00,3080357.119,1,2020-09-04
2020-09-04 01:00:00,2753420.039,2,2020-09-04
2020-09-04 02:00:00,2573999.788,3,2020-09-04
2020-09-04 03:00:00,2481984.062,4,2020-09-04
2020-09-04 04:00:00,2444764.071,5,2020-09-04
2020-09-04 05:00:00,2480264.629,6,2020-09-04
2020-09-04 06:00:00,2665070.126,7,2020-09-04
2020-09-04 07:00:00,2994444.858,8,2020-09-04
2020-09-04 08:00:00,3551466.87,9,2020-09-04
2020-09-04 09:00:00,3749184.658,10,2020-09-04
2020-09-04 10:00:00,3806421.718,11,2020-09-04
2020-09-04 11:00:00,3880523.745,12,2020-09-04
2020-09-04 12:00:00,3780016.343,13,2020-09-04
2020-09-04 13:00:00,3693146.893,14,2020-09-04
2020-09-04 14:00:00,3802708.257,15,2020-09-04
2020-09-04 15:00:00,3892788.232,16,2020-09-04
2020-09-04 16:00:00,4068442.21,17,2020-09-04
2020-09-04 17:00:00,4276772.941,18,2020-09-04
2020-09-04 18:00:00,4595278.423,19,2020-09-04
2020-09-04 19:00:00,4779501.567,20,2020-09-04
2020-09-04 20:00:00,4939142.596,21,2020-09-04
2020-09-04 21:00:00,4534514.898,22,2020-09-04
2020-09-04 22:00:00,4054897.068,23,2020-09-04
2020-09-04 23:00:00,3539119.183,24,2020-09-04
2020-09-05 00:00:00,3013750.757,1,2020-09-05
2020-09-05 01:00:00,2654982.019,2,2020-09-05
2020-09-05 02:00:00,2441546.377,3,2020-09-05
2020-09-05 03:00:00,2313699.764,4,2020-09-05
2020-09-05 04:00:00,2239337.128,5,2020-09-05
2020-09-05 05:00:00,2237016.618,6,2020-09-05
2020-09-05 06:00:00,2384070.882,7,2020-09-05
2020-09-05 07:00:00,2676604.053,8,2020-09-05
2020-09-05 08:00:00,3198594.237,9,2020-09-05
2020-09-05 09:00:00,3364011.996,10,2020-09-05
2020-09-05 10:00:00,3392581.485,11,2020-09-05
2020-09-05 11:00:00,3442481.101,12,2020-09-05
2020-09-05 12:00:00,3322953.902,13,2020-09-05
2020-09-05 13:00:00,3222804.012,14,2020-09-05
2020-09-05 14:00:00,3325179.355,15,2020-09-05
2020-09-05 15:00:00,3414287.201,16,2020-09-05
2020-09-05 16:00:00,3595042.327,17,2020-09-05
2020-09-05 17:00:00,3814133.683,18,2020-09-05
2020-09-05 18:00:00,4148372.083,19,2020-09-05
2020-09-05 19:00:00,4352353.49,20,2020-09-05
2020-09-05 20:00:00,4534599.075,21,2020-09-05
2020-09-05 21:00:00,4154052.31,22,2020-09-05
2020-09-05 22:00:00,3698484.616,23,2020-09-05
2020-09-05 23:00:00,3205145.725,24,2020-09-05
2020-09-06 00:00:00,2699023.639,1,2020-09-06
2020-09-06 01:00:00,2354802.797,2,2020-09-06
2020-09-06 02:00:00,2149864.797,3,2020-09-06
2020-09-06 03:00:00,2023343.678,4,2020-09-06
2020-09-06 04:00:00,1942312.199,5,2020-09-06
2020-09-06 05:00:00,1924865.991,6,2020-09-06
2020-09-06 06:00:00,2048281.586,7,2020-09-06
2020-09-06 07:00:00,2309043.992,8,2020-09-06
2020-09-06 08:00:00,2791961.322,9,2020-09-06
2020-09-06 09:00:00,2912275.458,10,2020-09-06
2020-09-06 10:00:00,2891394.751,11,2020-09-06
2020-09-06 11:00:00,2889545.912,12,2020-09-06
2020-09-06 12:00:00,2718316.58,13,2020-09-06
2020-09-06 13:00:00,2569066.974,14,2020-09-06
2020-09-06 14:00:00,2627614.01,15,2020-09-06
2020-09-06 15:00:00,2680838.155,16,2020-09-06
2020-09-06 16:00:00,2836217.219,17,2020-09-06
2020-09-06 17:00:00,3042777.806,18,2020-09-06
2020-09-06 18:00:00,3379331.934,19,2020-09-06
2020-09-06 19:00:00,3602038.449,20,2020-09-06
2020-09-06 20:00:00,3820455.151,21,2020-09-06
2020-09-06 21:00:00,3493966.229,22,2020-09-06
2020-09-06 22:00:00,3110140.132,23,2020-09-06
2020-09-06 23:00:00,2705356.851,24,2020-09-06
2020-09-07 00:00:00,2303071.269,1,2020-09-07
2020-09-07 01:00:00,2075801.87,2,2020-09-07
2020-09-07 02:00:00,1998188.687,3,2020-09-07
2020-09-07 03:00:00,2006130.86,4,2020-09-07
2020-09-07 04:00:00,2063077.486,5,2020-09-07
2020-09-07 05:00:00,2183234.861,6,2020-09-07
2020-09-07 06:00:00,2439861.498,7,2020-09-07
2020-09-07 07:00:00,2825441.245,8,2020-09-07
2020-09-07 08:00:00,3420946.246,9,2020-09-07
2020-09-07 09:00:00,3638092.705,10,2020-09-07
2020-09-07 10:00:00,3695209.512,11,2020-09-07
2020-09-07 11:00:00,3750011.194,12,2020-09-07
2020-09-07 12:00:00,3612241.578,13,2020-09-07
2020-09-07 13:00:00,3472162.221,14,2020-09-07
2020-09-07 14:00:00,3515285.606,15,2020-09-07
2020-09-07 15:00:00,3529001.126,16,2020-09-07
2020-09-07 16:00:00,3622097.035,17,2020-09-07
2020-09-07 17:00:00,3745669.317,18,2020-09-07
2020-09-07 18:00:00,3981286.554,19,2020-09-07
2020-09-07 19:00:00,4088453.131,20,2020-09-07
2020-09-07 20:00:00,4180540.567,21,2020-09-07
2020-09-07 21:00:00,3721076.356,22,2020-09-07
2020-09-07 22:00:00,3201951.007,23,2020-09-07
2020-09-07 23:00:00,2663888.253,24,2020-09-07
2020-09-08 00:00:00,2134551.425,1,2020-09-08
2020-09-08 01:00:00,1790381.501,2,2020-09-08
2020-09-08 02:00:00,1609516.724,3,2020-09-08
2020-09-08 03:00:00,1530809.561,4,2020-09-08
2020-09-08 04:00:00,1520019.369,5,2020-09-08
2020-09-08 05:00:00,1592947.547,6,2020-09-08
2020-09-08 06:00:00,1823689.151,7,2020-09-08
2020-09-08 07:00:00,2204792.645,8,2020-09-08
2020-09-08 08:00:00,2816539.627,9,2020-09-08
2020-09-08 09:00:00,3069246.349,10,2020-09-08
2020-09-08 10:00:00,3179204.699,11,2020-09-08
2020-09-08 11:00:00,3301550.721,12,2020-09-08
2020-09-08 12:00:00,3243022.685,13,2020-09-08
2020-09-08 13:00:00,3190577.715,14,2020-09-08
2020-09-08 14:00:00,3326261.423,15,2020-09-08
2020-09-08 15:00:00,3433972.787,16,2020-09-08
2020-09-08 16:00:00,3619121.673,17,2020-09-08
2020-09-08 17:00:00,3829664.463,18,2020-09-08
2020-09-08 18:00:00,4144381.848,19,2020-09-08
2020-09-08 19:00:00,4320436.826,20,2020-09-08
2020-09-08 20:00:00,4469379.29,21,2020-09-08
2020-09-08 21:00:00,4053484.17,22,2020-09-08
2020-09-08 22:00:00,3563982.505,23,2020-09-08
2020-09-08 23:00:00,3041530.24,24,2020-09-08
2020-09-09 00:00:00,2514288.659,1,2020-09-09
2020-09-09 01:00:00,2159713.921,2,2020-09-09
2020-09-09 02:00:00,1957408.489,3,2020-09-09
2020-09-09 03:00:00,1848053.875,4,2020-09-09
2020-09-09 04:00:00,1799507.312,5,2020-09-09
2020-09-09 05:00:00,1829833.77,6,2020-09-09
2020-09-09 06:00:00,2015452.063,7,2020-09-09
2020-09-09 07:00:00,2351191.459,8,2020-09-09
2020-09-09 08:00:00,2919475.088,9,2020-09-09
2020-09-09 09:00:00,3132535.935,10,2020-09-09
2020-09-09 10:00:00,3208286.475,11,2020-09-09
2020-09-09 11:00:00,3303132.564,12,2020-09-09
2020-09-09 12:00:00,3224695.363,13,2020-09-09
2020-09-09 13:00:00,3160411.083,14,2020-09-09
2020-09-09 14:00:00,3292402.9,15,2020-09-09
2020-09-09 15:00:00,3404266.285,16,2020-09-09
2020-09-09 16:00:00,3600763.36,17,2020-09-09
2020-09-09 17:00:00,3828909.236,18,2020-09-09
2020-09-09 18:00:00,4166311.373,19,2020-09-09
2020-09-09 19:00:00,4368796.579,20,2020-09-09
2020-09-09 20:00:00,4546488.413,21,2020-09-09
2020-09-09 21:00:00,4160218.295,22,2020-09-09
2020-09-09 22:00:00,3699826.23,23,2020-09-09
2020-09-09 23:00:00,3204692.747,24,2020-09-09
2020-09-10 00:00:00,2701873.251,1,2020-09-10
2020-09-10 01:00:00,2367930.122,2,2020-09-10
2020-09-10 02:00:00,2181813.869,3,2020-09-10
2020-09-10 03:00:00,2083811.962,4,2020-09-10
2020-09-10 04:00:00,2041647.926,5,2020-09-10
2020-09-10 05:00:00,2073502.693,6,2020-09-10
2020-09-10 06:00:00,2256138.25,7,2020-09-10
2020-09-10 07:00:00,2584921.758,8,2020-09-10
2020-09-10 08:00:00,3142968.653,9,2020-09-10
2020-09-10 09:00:00,3343313.036,10,2020-09-10
2020-09-10 10:00:00,3404729.035,11,2020-09-10
2020-09-10 11:00:00,3484496.431,12,2020-09-10
2020-09-10 12:00:00,3391076.835,13,2020-09-10
2020-09-10 13:00:00,3312672.47,14,2020-09-10
2020-09-10 14:00:00,3432063.776,15,2020-09-10
2020-09-10 15:00:00,3533368.53,16,2020-09-10
2020-09-10 16:00:00,3721718.984,17,2020-09-10
2020-09-10 17:00:00,3944340.367,18,2020-09-10
2020-09-10 18:00:00,4278891.593,19,2020-09-10
2020-09-10 19:00:00,4481102.146,20,2020-09-10
2020-09-10 20:00:00,4660866.748,21,2020-09-10
2020-09-10 21:00:00,4278679.652,22,2020-09-10
2020-09-10 22:00:00,3823962.701,23,2020-09-10
2020-09-10 23:00:00,3335626.845,24,2020-09-10
2020-09-11 00:00:00,2840236.389,1,2020-09-11
2020-09-11 01:00:00,2513869.444,2,2020-09-11
2020-09-11 02:00:00,2335024.214,3,2020-09-11
2020-09-11 03:00:00,2243588.392,4,2020-09-11
2020-09-11 04:00:00,2206953.188,5,2020-09-11
2020-09-11 05:00:00,2243043.415,6,2020-09-11
2020-09-11 06:00:00,2428443.462,7,2020-09-11
2020-09-11 07:00:00,2758417.624,8,2020-09-11
2020-09-11 08:00:00,3316043.944,9,2020-09-11
2020-09-11 09:00:00,3514370.917,10,2020-09-11
2020-09-11 10:00:00,3572222.036,11,2020-09-11
2020-09-11 11:00:00,3646942.996,12,2020-09-11
2020-09-11 12:00:00,3547059.397,13,2020-09-11
2020-09-11 13:00:00,3460818.62,14,2020-09-11
2020-09-11 14:00:00,3571013.523,15,2020-09-11
2020-09-11 15:00:00,3661731.902,16,2020-09-11
2020-09-11 16:00:00,3838029.145,17,2020-09-11
2020-09-11 17:00:00,4047008.002,18,2020-09-11
2020-09-11 18:00:00,4366166.464,19,2020-09-11
2020-09-11 19:00:00,4551047.443,20,2020-09-11
2020-09-11 20:00:00,4711351.158,21,2020-09-11
2020-09-11 21:00:00,4307390.993,22,2020-09-11
2020-09-11 22:00:00,3828445.541,23,2020-09-11
2020-09-11 23:00:00,3313344.874,24,2020-09-11
2020-09-12 00:00:00,2788658.504,1,2020-09-12
2020-09-12 01:00:00,2430576.656,2,2020-09-12
2020-09-12 02:00:00,2217832.733,3,2020-09-12
2020-09-12 03:00:00,2090682.665,4,2020-09-12
2020-09-12 04:00:00,2017021.396,5,2020-09-12
2020-09-12 05:00:00,2015407.07,6,2020-09-12
2020-09-12 06:00:00,2163172.332,7,2020-09-12
2020-09-12 07:00:00,2456421.31,8,2020-09-12
2020-09-12 08:00:00,2979132.105,9,2020-09-12
2020-09-12 09:00:00,3145275.274,10,2020-09-12
2020-09-12 10:00:00,3174574.968,11,2020-09-12
2020-09-12 11:00:00,3225209.579,12,2020-09-12
2020-09-12 12:00:00,3106422.159,13,2020-09-12
2020-09-12 13:00:00,3007016.828,14,2020-09-12
2020-09-12 14:00:00,3110141.503,15,2020-09-12
2020-09-12 15:00:00,3200003.451,16,2020-09-12
2020-09-12 16:00:00,3381517.44,17,2020-09-12
2020-09-12 17:00:00,3601372.417,18,2020-09-12
2020-09-12 18:00:00,3936379.189,19,2020-09-12
2020-09-12 19:00:00,4141133.713,20,2020-09-12
2020-09-12 20:00:00,4324157.153,21,2020-09-12
2020-09-12 21:00:00,3944392.976,22,2020-09-12
2020-09-12 22:00:00,3489612.596,23,2020-09-12
2020-09-12 23:00:00,2997065.738,24,2020-09-12
2020-09-13 00:00:00,2491740.398,1,2020-09-13
2020-09-13 01:00:00,2148321.008,2,2020-09-13
2020-09-13 02:00:00,1944189.159,3,2020-09-13
2020-09-13 03:00:00,1818478.882,4,2020-09-13
2020-09-13 04:00:00,1738262.931,5,2020-09-13
2020-09-13 05:00:00,1721636.928,6,2020-09-13
2020-09-13 06:00:00,1845877.396,7,2020-09-13
2020-09-13 07:00:00,2107469.339,8,2020-09-13
2020-09-13 08:00:00,2591220.859,9,2020-09-13
2020-09-13 09:00:00,2712373.831,10,2020-09-13
2020-09-13 10:00:00,2692336.599,11,2020-09-13
2020-09-13 11:00:00,2691335.865,12,2020-09-13
2020-09-13 12:00:00,2520959.26,13,2020-09-13
2020-09-13 13:00:00,2372566.994,14,2020-09-13
2020-09-13 14:00:00,2431975.975,15,2020-09-13
2020-09-13 15:00:00,2486066.66,16,2020-09-13
2020-09-13 16:00:00,2642316.853,17,2020-09-13
2020-09-13 17:00:00,2849753.147,18,2020-09-13
2020-09-13 18:00:00,3187187.551,19,2020-09-13
2020-09-13 19:00:00,3410778.901,20,2020-09-13
2020-09-13 20:00:00,3630084.99,21,2020-09-13
2020-09-13 21:00:00,3304489.995,22,2020-09-13
2020-09-13 22:00:00,2921562.357,23,2020-09-13
2020-09-13 23:00:00,2517682.057,24,2020-09-13
2020-09-14 00:00:00,2116303.968,1,2020-09-14
2020-09-14 01:00:00,1889946.564,2,2020-09-14
2020-09-14 02:00:00,1813249.867,3,2020-09-14
2020-09-14 03:00:00,1822113.008,4,2020-09-14
2020-09-14 04:00:00,1879985.073,5,2020-09-14
2020-09-14 05:00:00,2001072.348,6,2020-09-14
2020-09-14 06:00:00,2258633.334,7,2020-09-14
2020-09-14 07:00:00,2645151.87,8,2020-09-14
2020-09-14 08:00:00,3241600.086,9,2020-09-14
2020-09-14 09:00:00,3459694.179,10,2020-09-14
2020-09-14 10:00:00,3517763.026,11,2020-09-14
2020-09-14 11:00:00,3573521.142,12,2020-09-14
2020-09-14 12:00:00,3436712.343,13,2020-09-14
2020-09-14 13:00:00,3297598.175,14,2020-09-14
2020-09-14 14:00:00,3341691.109,15,2020-09-14
2020-09-14 15:00:00,3356380.526,16,2020-09-14
2020-09-14 16:00:00,3450454.667,17,2020-09-14
2020-09-14 17:00:00,3575009.506,18,2020-09-14
2020-09-14 18:00:00,3811613.612,19,2020-09-14
2020-09-14 19:00:00,3919771.357,20,2020-09-14
2020-09-14 20:00:00,4012854.248,21,2020-09-14
2020-09-14 21:00:00,3554389.767,22,2020-09-14
2020-09-14 22:00:00,3036268.409,23,2020-09-14
2020-09-14 23:00:00,2499213.895,24,2020-09-14
2020-09-15 00:00:00,1970889.542,1,2020-09-15
2020-09-15 01:00:00,1627736.316,2,2020-09-15
2020-09-15 02:00:00,1447892.447,3,2020-09-15
2020-09-15 03:00:00,1370210.388,4,2020-09-15
2020-09-15 04:00:00,1360449.483,5,2020-09-15
2020-09-15 05:00:00,1434411.117,6,2020-09-15
2020-09-15 06:00:00,1666190.331,7,2020-09-15
2020-09-15 07:00:00,2048335.577,8,2020-09-15
2020-09-15 08:00:00,2661128.439,9,2020-09-15
2020-09-15 09:00:00,2914885.154,10,2020-09-15
2020-09-15 10:00:00,3025897.597,11,2020-09-15
2020-09-15 11:00:00,3149301.795,12,2020-09-15
2020-09-15 12:00:00,3091836.006,13,2020-09-15
2020-09-15 13:00:00,3040457.339,14,2020-09-15
2020-09-15 14:00:00,3177211.391,15,2020-09-15
2020-09-15 15:00:00,3285997.124,16,2020-09-15
2020-09-15 16:00:00,3472224.391,17,2020-09-15
2020-09-15 17:00:00,3683849.558,18,2020-09-15
2020-09-15 18:00:00,3999653.3,19,2020-09-15
2020-09-15 19:00:00,4176798.6,20,2020-09-15
2020-09-15 20:00:00,4326835.337,21,2020-09-15
2020-09-15 21:00:00,3912038.425,22,2020-09-15
2020-09-15 22:00:00,3423638.884,23,2020-09-15
2020-09-15 23:00:00,2902292.648,24,2020-09-15
2020-09-16 00:00:00,2376160.982,1,2020-09-16
2020-09-16 01:00:00,2022700.03,2,2020-09-16
2020-09-16 02:00:00,1821512.238,3,2020-09-16
2020-09-16 03:00:00,1713279.103,4,2020-09-16
2020-09-16 04:00:00,1665857.84,5,2020-09-16
2020-09-16 05:00:00,1697313.404,6,2020-09-16
2020-09-16 06:00:00,1884064.591,7,2020-09-16
2020-09-16 07:00:00,2220940.654,8,2020-09-16
2020-09-16 08:00:00,2790364.703,9,2020-09-16
2020-09-16 09:00:00,3004569.709,10,2020-09-16
2020-09-16 10:00:00,3081468.128,11,2020-09-16
2020-09-16 11:00:00,3177465.8,12,2020-09-16
2020-09-16 12:00:00,3100183.868,13,2020-09-16
2020-09-16 13:00:00,3037058.525,14,2020-09-16
2020-09-16 14:00:00,3170212.93,15,2020-09-16
2020-09-16 15:00:00,3283242.537,16,2020-09-16
2020-09-16 16:00:00,3480909.449,17,2020-09-16
2020-09-16 17:00:00,3710228.76,18,2020-09-16
2020-09-16 18:00:00,4048807.91,19,2020-09-16
2020-09-16 19:00:00,4252473.691,20,2020-09-16
2020-09-16 20:00:00,4431349.642,21,2020-09-16
2020-09-16 21:00:00,4046267.167,22,2020-09-16
2020-09-16 22:00:00,3587066.25,23,2020-09-16
2020-09-16 23:00:00,3093127.402,24,2020-09-16
2020-09-17 00:00:00,2591506.01,1,2020-09-17
2020-09-17 01:00:00,2258764.435,2,2020-09-17
2020-09-17 02:00:00,2073853.166,3,2020-09-17
2020-09-17 03:00:00,1977059.655,4,2020-09-17
2020-09-17 04:00:00,1936107.407,5,2020-09-17
2020-09-17 05:00:00,1969177.336,6,2020-09-17
2020-09-17 06:00:00,2153031.408,7,2020-09-17
2020-09-17 07:00:00,2483036.765,8,2020-09-17
2020-09-17 08:00:00,3042308.823,9,2020-09-17
2020-09-17 09:00:00,3243881.665,10,2020-09-17
2020-09-17 10:00:00,3306529.397,11,2020-09-17
2020-09-17 11:00:00,3387531.781,12,2020-09-17
2020-09-17 12:00:00,3295350.409,13,2020-09-17
2020-09-17 13:00:00,3218187.482,14,2020-09-17
2020-09-17 14:00:00,3338823.421,15,2020-09-17
2020-09-17 15:00:00,3441375.981,16,2020-09-17
2020-09-17 16:00:00,3630977.396,17,2020-09-17
2020-09-17 17:00:00,3854852.871,18,2020-09-17
2020-09-17 18:00:00,4190661.303,19,2020-09-17
2020-09-17 19:00:00,4394132.153,20,2020-09-17
2020-09-17 20:00:00,4575160.122,21,2020-09-17
2020-09-17 21:00:00,4194239.443,22,2020-09-17
2020-09-17 22:00:00,3740791.937,23,2020-09-17
2020-09-17 23:00:00,3253728.534,24,2020-09-17
2020-09-18 00:00:00,2759613.517,1,2020-09-18
2020-09-18 01:00:00,2434524.974,2,2020-09-18
2020-09-18 02:00:00,2256961.09,3,2020-09-18
2020-09-18 03:00:00,2166809.535,4,2020-09-18
2020-09-18 04:00:00,2131461.499,5,2020-09-18
2020-09-18 05:00:00,2168841.77,6,2020-09-18
2020-09-18 06:00:00,2355534.718,7,2020-09-18
2020-09-18 07:00:00,2686804.614,8,2020-09-18
2020-09-18 08:00:00,3245729.48,9,2020-09-18
2020-09-18 09:00:00,3445357.788,10,2020-09-18
2020-09-18 10:00:00,3504513.011,11,2020-09-18
2020-09-18 11:00:00,3580540.818,12,2020-09-18
2020-09-18 12:00:00,3481966.789,13,2020-09-18
2020-09-18 13:00:00,3397038.282,14,2020-09-18
2020-09-18 14:00:00,3508548.132,15,2020-09-18
2020-09-18 15:00:00,3600584.111,16,2020-09-18
2020-09-18 16:00:00,3778201.587,17,2020-09-18
2020-09-18 17:00:00,3988503.284,18,2020-09-18
2020-09-18 18:00:00,4308987.173,19,2020-09-18
2020-09-18 19:00:00,4495196.14,20,2020-09-18
2020-09-18 20:00:00,4656830.382,21,2020-09-18
2020-09-18 21:00:00,4254203.26,22,2020-09-18
2020-09-18 22:00:00,3776593.343,23,2020-09-18
2020-09-18 23:00:00,3262830.68,24,2020-09-18
2020-09-19 00:00:00,2739484.758,1,2020-09-19
2020-09-19 01:00:00,2382745.78,2,2020-09-19
2020-09-19 02:00:00,2171347.125,3,2020-09-19
2020-09-19 03:00:00,2045544.698,4,2020-09-19
2020-09-19 04:00:00,1973233.42,5,2020-09-19
2020-09-19 05:00:00,1972971.411,6,2020-09-19
2020-09-19 06:00:00,2122091.29,7,2020-09-19
2020-09-19 07:00:00,2416697.164,8,2020-09-19
2020-09-19 08:00:00,2940767.108,9,2020-09-19
2020-09-19 09:00:00,3108271.654,10,2020-09-19
2020-09-19 10:00:00,3138934.929,11,2020-09-19
2020-09-19 11:00:00,3190935.302,12,2020-09-19
2020-09-19 12:00:00,3073515.798,13,2020-09-19
2020-09-19 13:00:00,2975480.513,14,2020-09-19
2020-09-19 14:00:00,3079977.34,15,2020-09-19
2020-09-19 15:00:00,3171213.52,16,2020-09-19
2020-09-19 16:00:00,3354103.798,17,2020-09-19
2020-09-19 17:00:00,3575337.094,18,2020-09-19
2020-09-19 18:00:00,3911724.19,19,2020-09-19
2020-09-19 19:00:00,4117861.019,20,2020-09-19
2020-09-19 20:00:00,4302268.718,21,2020-09-19
2020-09-19 21:00:00,3923890.73,22,2020-09-19
2020-09-19 22:00:00,3470498.445,23,2020-09-19
2020-09-19 23:00:00,2979341.559,24,2020-09-19
2020-09-20 00:00:00,2475408.045,1,2020-09-20
2020-09-20 01:00:00,2133382.308,2,2020-09-20
2020-09-20 02:00:00,1930645.914,3,2020-09-20
2020-09-20 03:00:00,1806332.869,4,2020-09-20
2020-09-20 04:00:00,1727515.9,5,2020-09-20
2020-09-20 05:00:00,1712290.602,6,2020-09-20
2020-09-20 06:00:00,1837933.475,7,2020-09-20
2020-09-20 07:00:00,2100929.493,8,2020-09-20
2020-09-20 08:00:00,2586086.736,9,2020-09-20
2020-09-20 09:00:00,2708647.05,10,2020-09-20
2020-09-20 10:00:00,2690018.753,11,2020-09-20
2020-09-20 11:00:00,2690428.523,12,2020-09-20
2020-09-20 12:00:00,2521463.961,13,2020-09-20
2020-09-20 13:00:00,2374485.253,14,2020-09-20
2020-09-20 14:00:00,2435309.279,15,2020-09-20
2020-09-20 15:00:00,2490816.472,16,2020-09-20
2020-09-20 16:00:00,2648484.606,17,2020-09-20
2020-09-20 17:00:00,2857340.248,18,2020-09-20
2020-09-20 18:00:00,3196195.382,19,2020-09-20
2020-09-20 19:00:00,3421208.816,20,2020-09-20
2020-09-20 20:00:00,3641938.316,21,2020-09-20
2020-09-20 21:00:00,3317768.031,22,2020-09-20
2020-09-20 22:00:00,2936266.377,23,2020-09-20
2020-09-20 23:00:00,2533813.307,24,2020-09-20
2020-09-21 00:00:00,2133863.667,1,2020-09-21
2020-09-21 01:00:00,1908935.902,2,2020-09-21
2020-09-21 02:00:00,1833670.009,3,2020-09-21
2020-09-21 03:00:00,1843965.092,4,2020-09-21
2020-09-21 04:00:00,1903270.207,5,2020-09-21
2020-09-21 05:00:00,2025791.614,6,2020-09-21
2020-09-21 06:00:00,2284787.787,7,2020-09-21
2020-09-21 07:00:00,2672742.537,8,2020-09-21
2020-09-21 08:00:00,3270627.967,9,2020-09-21
2020-09-21 09:00:00,3490160.245,10,2020-09-21
2020-09-21 10:00:00,3549668.221,11,2020-09-21
2020-09-21 11:00:00,3606866.382,12,2020-09-21
2020-09-21 12:00:00,3471498.516,13,2020-09-21
2020-09-21 13:00:00,3333826.141,14,2020-09-21
2020-09-21 14:00:00,3379361.701,15,2020-09-21
2020-09-21 15:00:00,3395494.549,16,2020-09-21
2020-09-21 16:00:00,3491012.898,17,2020-09-21
2020-09-21 17:00:00,3617012.692,18,2020-09-21
2020-09-21 18:00:00,3855062.474,19,2020-09-21
2020-09-21 19:00:00,3964666.587,20,2020-09-21
2020-09-21 20:00:00,4059196.51,21,2020-09-21
2020-09-21 21:00:00,3602179.697,22,2020-09-21
2020-09-21 22:00:00,3085506.614,23,2020-09-21
2020-09-21 23:00:00,2549900.955,24,2020-09-21
2020-09-22 00:00:00,2023026.007,1,2020-09-22
2020-09-22 01:00:00,1681322.709,2,2020-09-22
2020-09-22 02:00:00,1502929.26,3,2020-09-22
2020-09-22 03:00:00,1426698.089,4,2020-09-22
2020-09-22 04:00:00,1418388.507,5,2020-09-22
2020-09-22 05:00:00,1493801.872,6,2020-09-22
2020-09-22 06:00:00,1727033.197,7,2020-09-22
2020-09-22 07:00:00,2110630.906,8,2020-09-22
2020-09-22 08:00:00,2724876.552,9,2020-09-22
2020-09-22 09:00:00,2980086.345,10,2020-09-22
2020-09-22 10:00:00,3092552.13,11,2020-09-22
2020-09-22 11:00:00,3217409.907,12,2020-09-22
2020-09-22 12:00:00,3161397.904,13,2020-09-22
2020-09-22 13:00:00,3111473.201,14,2020-09-22
2020-09-22 14:00:00,3249681.367,15,2020-09-22
2020-09-22 15:00:00,3359921.334,16,2020-09-22
2020-09-22 16:00:00,3547602.927,17,2020-09-22
2020-09-22 17:00:00,3760682.482,18,2020-09-22
2020-09-22 18:00:00,4077940.646,19,2020-09-22
2020-09-22 19:00:00,4256540.374,20,2020-09-22
2020-09-22 20:00:00,4408031.513,21,2020-09-22
2020-09-22 21:00:00,3994688.949,22,2020-09-22
2020-09-22 22:00:00,3507743.674,23,2020-09-22
2020-09-22 23:00:00,2987851.592,24,2020-09-22
2020-09-23 00:00:00,2463173.939,1,2020-09-23
2020-09-23 01:00:00,2111166.83,2,2020-09-23
2020-09-23 02:00:00,1911432.682,3,2020-09-23
2020-09-23 03:00:00,1804652.962,4,2020-09-23
2020-09-23 04:00:00,1758684.857,5,2020-09-23
2020-09-23 05:00:00,1791593.292,6,2020-09-23
2020-09-23 06:00:00,1979797.032,7,2020-09-23
2020-09-23 07:00:00,2318125.303,8,2020-09-23
2020-09-23 08:00:00,2889001.186,9,2020-09-23
2020-09-23 09:00:00,3104657.621,10,2020-09-23
2020-09-23 10:00:00,3183007.036,11,2020-09-23
2020-09-23 11:00:00,3280455.24,12,2020-09-23
2020-09-23 12:00:00,3204623.348,13,2020-09-23
2020-09-23 13:00:00,3142947.524,14,2020-09-23
2020-09-23 14:00:00,3277550.896,15,2020-09-23
2020-09-23 15:00:00,3392028.89,16,2020-09-23
2020-09-23 16:00:00,3591143.578,17,2020-09-23
2020-09-23 17:00:00,3821910.025,18,2020-09-23
2020-09-23 18:00:00,4161935.643,19,2020-09-23
2020-09-23 19:00:00,4367047.194,20,2020-09-23
2020-09-23 20:00:00,4547368.188,21,2020-09-23
2020-09-23 21:00:00,4163729.997,22,2020-09-23
2020-09-23 22:00:00,3705972.578,23,2020-09-23
2020-09-23 23:00:00,3213476.412,24,2020-09-23
2020-09-24 00:00:00,2713296.855,1,2020-09-24
2020-09-24 01:00:00,2381996.24,2,2020-09-24
2020-09-24 02:00:00,2198525.027,3,2020-09-24
2020-09-24 03:00:00,2103170.638,4,2020-09-24
2020-09-24 04:00:00,2063656.548,5,2020-09-24
2020-09-24 05:00:00,2098163.641,6,2020-09-24
2020-09-24 06:00:00,2283453.854,7,2020-09-24
2020-09-24 07:00:00,2614894.301,8,2020-09-24
2020-09-24 08:00:00,3175600.367,9,2020-09-24
2020-09-24 09:00:00,3378606.105,10,2020-09-24
2020-09-24 10:00:00,3442685.592,11,2020-09-24
2020-09-24 11:00:00,3525118.562,12,2020-09-24
2020-09-24 12:00:00,3434366.576,13,2020-09-24
2020-09-24 13:00:00,3358631.805,14,2020-09-24
2020-09-24 14:00:00,3480694.641,15,2020-09-24
2020-09-24 15:00:00,3584672.811,16,2020-09-24
2020-09-24 16:00:00,3775698.517,17,2020-09-24
2020-09-24 17:00:00,4000996.938,18,2020-09-24
2020-09-24 18:00:00,4338226.938,19,2020-09-24
2020-09-24 19:00:00,4543117.95,20,2020-09-24
2020-09-24 20:00:00,4725564.646,21,2020-09-24
2020-09-24 21:00:00,4346061.23,22,2020-09-24
2020-09-24 22:00:00,3894029.492,23,2020-09-24
2020-09-24 23:00:00,3408380.334,24,2020-09-24
2020-09-25 00:00:00,2915678.008,1,2020-09-25
2020-09-25 01:00:00,2592000.576,2,2020-09-25
2020-09-25 02:00:00,2415846.189,3,2020-09-25
2020-09-25 03:00:00,2327102.492,4,2020-09-25
2020-09-25 04:00:00,2293160.642,5,2020-09-25
2020-09-25 05:00:00,2331945.401,6,2020-09-25
2020-09-25 06:00:00,2520041.108,7,2020-09-25
2020-09-25 07:00:00,2852712.005,8,2020-09-25
2020-09-25 08:00:00,3413036.084,9,2020-09-25
2020-09-25 09:00:00,3614061.79,10,2020-09-25
2020-09-25 10:00:00,3674612.564,11,2020-09-25
2020-09-25 11:00:00,3752034.048,12,2020-09-25
2020-09-25 12:00:00,3654851.793,13,2020-09-25
2020-09-25 13:00:00,3571313.125,14,2020-09-25
2020-09-25 14:00:00,3684210.854,15,2020-09-25
2020-09-25 15:00:00,3777632.721,16,2020-09-25
2020-09-25 16:00:00,3956634.063,17,2020-09-25
2020-09-25 17:00:00,4168317.578,18,2020-09-25
2020-09-25 18:00:00,4490181.207,19,2020-09-25
2020-09-25 19:00:00,4677767.807,20,2020-09-25
2020-09-25 20:00:00,4840777.546,21,2020-09-25
2020-09-25 21:00:00,4439523.756,22,2020-09-25
2020-09-25 22:00:00,3963284.978,23,2020-09-25
2020-09-25 23:00:00,3450891.231,24,2020-09-25
2020-09-26 00:00:00,2928911.974,1,2020-09-26
2020-09-26 01:00:00,2573537.381,2,2020-09-26
2020-09-26 02:00:00,2363500.802,3,2020-09-26
2020-09-26 03:00:00,2239058.115,4,2020-09-26
2020-09-26 04:00:00,2168104.21,5,2020-09-26
2020-09-26 05:00:00,2169197.179,6,2020-09-26
2020-09-26 06:00:00,2319669.614,7,2020-09-26
2020-09-26 07:00:00,2615625.592,8,2020-09-26
2020-09-26 08:00:00,3141043.16,9,2020-09-26
2020-09-26 09:00:00,3309892.821,10,2020-09-26
2020-09-26 10:00:00,3341898.675,11,2020-09-26
2020-09-26 11:00:00,3395239.06,12,2020-09-26
2020-09-26 12:00:00,3279156.976,13,2020-09-26
2020-09-26 13:00:00,3182456.489,14,2020-09-26
2020-09-26 14:00:00,3288285.464,15,2020-09-26
2020-09-26 15:00:00,3380851.113,16,2020-09-26
2020-09-26 16:00:00,3565068.154,17,2020-09-26
2020-09-26 17:00:00,3787625.479,18,2020-09-26
2020-09-26 18:00:00,4125333.841,19,2020-09-26
2020-09-26 19:00:00,4332789.145,20,2020-09-26
2020-09-26 20:00:00,4518512.503,21,2020-09-26
2020-09-26 21:00:00,4141447.326,22,2020-09-26
2020-09-26 22:00:00,3689364.977,23,2020-09-26
2020-09-26 23:00:00,3199515.127,24,2020-09-26
2020-09-27 00:00:00,2696885.718,1,2020-09-27
2020-09-27 01:00:00,2356161.13,2,2020-09-27
2020-09-27 02:00:00,2154722.899,3,2020-09-27
2020-09-27 03:00:00,2031705.005,4,2020-09-27
2020-09-27 04:00:00,1954180.147,5,2020-09-27
2020-09-27 05:00:00,1940243.892,6,2020-09-27
2020-09-27 06:00:00,2067172.714,7,2020-09-27
2020-09-27 07:00:00,2331451.559,8,2020-09-27
2020-09-27 08:00:00,2817888.479,9,2020-09-27
2020-09-27 09:00:00,2941725.294,10,2020-09-27
2020-09-27 10:00:00,2924370.294,11,2020-09-27
2020-09-27 11:00:00,2926050.129,12,2020-09-27
2020-09-27 12:00:00,2758352.376,13,2020-09-27
2020-09-27 13:00:00,2612637.191,14,2020-09-27
2020-09-27 14:00:00,2674721.429,15,2020-09-27
2020-09-27 15:00:00,2731485.494,16,2020-09-27
2020-09-27 16:00:00,2890407.136,17,2020-09-27
2020-09-27 17:00:00,3100512.894,18,2020-09-27
2020-09-27 18:00:00,3440614.724,19,2020-09-27
2020-09-27 19:00:00,3666871.41,20,2020-09-27
2020-09-27 20:00:00,3888840.69,21,2020-09-27
2020-09-27 21:00:00,3565906.687,22,2020-09-27
2020-09-27 22:00:00,3185637.79,23,2020-09-27
2020-09-27 23:00:00,2784413.925,24,2020-09-27
2020-09-28 00:00:00,2385689.914,1,2020-09-28
2020-09-28 01:00:00,2161984.175,2,2020-09-28
2020-09-28 02:00:00,2087936.679,3,2020-09-28
2020-09-28 03:00:00,2099446.502,4,2020-09-28
2020-09-28 04:00:00,2159962.677,5,2020-09-28
2020-09-28 05:00:00,2283691.437,6,2020-09-28
2020-09-28 06:00:00,2543891.229,7,2020-09-28
2020-09-28 07:00:00,2933045.84,8,2020-09-28
2020-09-28 08:00:00,3532127.347,9,2020-09-28
2020-09-28 09:00:00,3752851.891,10,2020-09-28
2020-09-28 10:00:00,3813548.299,11,2020-09-28
2020-09-28 11:00:00,3871931.031,12,2020-09-28
2020-09-28 12:00:00,3737743.85,13,2020-09-28
2020-09-28 13:00:00,3601248.249,14,2020-09-28
2020-09-28 14:00:00,3647956.647,15,2020-09-28
2020-09-28 15:00:00,3665258.371,16,2020-09-28
2020-09-28 16:00:00,3761941.609,17,2020-09-28
2020-09-28 17:00:00,3889102.282,18,2020-09-28
2020-09-28 18:00:00,4128308.906,19,2020-09-28
2020-09-28 19:00:00,4239065.801,20,2020-09-28
2020-09-28 20:00:00,4334744.42,21,2020-09-28
2020-09-28 21:00:00,3878872.193,22,2020-09-28
2020-09-28 22:00:00,3363339.561,23,2020-09-28
2020-09-28 23:00:00,2828870.194,24,2020-09-28
2020-09-29 00:00:00,2303127.356,1,2020-09-29
2020-09-29 01:00:00,1962551.96,2,2020-09-29
2020-09-29 02:00:00,1785282.182,3,2020-09-29
2020-09-29 03:00:00,1710170.425,4,2020-09-29
2020-09-29 04:00:00,1702975.979,5,2020-09-29
2020-09-29 05:00:00,1779500.177,6,2020-09-29
2020-09-29 06:00:00,2013838.008,7,2020-09-29
2020-09-29 07:00:00,2398537.871,8,2020-09-29
2020-09-29 08:00:00,3013881.298,9,2020-09-29
2020-09-29 09:00:00,3270184.473,10,2020-09-29
2020-09-29 10:00:00,3383739.221,11,2020-09-29
2020-09-29 11:00:00,3509681.516,12,2020-09-29
2020-09-29 12:00:00,3454749.562,13,2020-09-29
2020-09-29 13:00:00,3405900.419,14,2020-09-29
2020-09-29 14:00:00,3545179.631,15,2020-09-29
2020-09-29 15:00:00,3656486.108,16,2020-09-29
2020-09-29 16:00:00,3845229.651,17,2020-09-29
2020-09-29 17:00:00,4059366.575,18,2020-09-29
2020-09-29 18:00:00,4377677.504,19,2020-09-29
2020-09-29 19:00:00,4557325.368,20,2020-09-29
2020-09-29 20:00:00,4709859.996,21,2020-09-29
2020-09-29 21:00:00,4297556.248,22,2020-09-29
2020-09-29 22:00:00,3811645.097,23,2020-09-29
2020-09-29 23:00:00,3292782.422,24,2020-09-29
2020-09-30 00:00:00,2769129.439,1,2020-09-30
2020-09-30 01:00:00,2418142.24,2,2020-09-30
2020-09-30 02:00:00,2219423.221,3,2020-09-30
2020-09-30 03:00:00,2113653.827,4,2020-09-30
2020-09-30 04:00:00,2068691.224,5,2020-09-30
2020-09-30 05:00:00,2102600.313,6,2020-09-30
2020-09-30 06:00:00,2291799.843,7,2020-09-30
2020-09-30 07:00:00,2631119.014,8,2020-09-30
2020-09-30 08:00:00,3202980.887,9,2020-09-30
2020-09-30 09:00:00,3419618.383,10,2020-09-30
2020-09-30 10:00:00,3498943.907,11,2020-09-30
2020-09-30 11:00:00,3597363.248,12,2020-09-30
2020-09-30 12:00:00,3522497.501,13,2020-09-30
2020-09-30 13:00:00,3461782.808,14,2020-09-30
2020-09-30 14:00:00,3597342.278,15,2020-09-30
2020-09-30 15:00:00,3712771.315,16,2020-09-30
2020-09-30 16:00:00,3912831.974,17,2020-09-30
2020-09-30 17:00:00,4144539.297,18,2020-09-30
2020-09-30 18:00:00,4485500.676,19,2020-09-30
2020-09-30 19:00:00,4691542.855,20,2020-09-30
2020-09-30 20:00:00,4872789.322,21,2020-09-30
2020-09-30 21:00:00,4490071.432,22,2020-09-30
2020-09-30 22:00:00,4033229.121,23,2020-09-30
2020-09-30 23:00:00,3541642.851,24,2020-09-30
2020-10-01 00:00:00,3042367.959,1,2020-10-01
2020-10-01 01:00:00,2711966.759,2,2020-10-01
2020-10-01 02:00:00,2529389.69,3,2020-10-01
2020-10-01 03:00:00,2434924.157,4,2020-10-01
2020-10-01 04:00:00,2396293.616,5,2020-10-01
2020-10-01 05:00:00,2431678.933,6,2020-10-01
2020-10-01 06:00:00,2617842.026,7,2020-10-01
2020-10-01 07:00:00,2950149.99,8,2020-10-01
2020-10-01 08:00:00,3511718.192,9,2020-10-01
2020-10-01 09:00:00,3715580.668,10,2020-10-01
2020-10-01 10:00:00,3780511.475,11,2020-10-01
2020-10-01 11:00:00,3863790.33,12,2020-10-01
2020-10-01 12:00:00,3773878.776,13,2020-10-01
2020-10-01 13:00:00,3698978.968,14,2020-10-01
2020-10-01 14:00:00,3821871.279,15,2020-10-01
2020-10-01 15:00:00,3926673.418,16,2020-10-01
2020-10-01 16:00:00,4118517.572,17,2020-10-01
2020-10-01 17:00:00,4344628.901,18,2020-10-01
2020-10-01 18:00:00,4682666.252,19,2020-10-01
2020-10-01 19:00:00,4888359.042,20,2020-10-01
2020-10-01 20:00:00,5071601.926,21,2020-10-01
2020-10-01 21:00:00,4692889.091,22,2020-10-01
2020-10-01 22:00:00,4241642.312,23,2020-10-01
2020-10-01 23:00:00,3756772.472,24,2020-10-01
2020-10-02 00:00:00,3264843.81,1,2020-10-02
2020-10-02 01:00:00,2941934.369,2,2020-10-02
2020-10-02 02:00:00,2766542.286,3,2020-10-02
2020-10-02 03:00:00,2678555.189,4,2020-10-02
2020-10-02 04:00:00,2645364.221,5,2020-10-02
2020-10-02 05:00:00,2684894.127,6,2020-10-02
2020-10-02 06:00:00,2873729.23,7,2020-10-02
2020-10-02 07:00:00,3207133.759,8,2020-10-02
2020-10-02 08:00:00,3768185.69,9,2020-10-02
2020-10-02 09:00:00,3969933.451,10,2020-10-02
2020-10-02 10:00:00,4031200.471,11,2020-10-02
2020-10-02 11:00:00,4109332.376,12,2020-10-02
2020-10-02 12:00:00,4012854.703,13,2020-10-02
2020-10-02 13:00:00,3930014.763,14,2020-10-02
2020-10-02 14:00:00,4043605.351,15,2020-10-02
2020-10-02 15:00:00,4137714.195,16,2020-10-02
2020-10-02 16:00:00,4317396.618,17,2020-10-02
2020-10-02 17:00:00,4529755.305,18,2020-10-02
2020-10-02 18:00:00,4852288.18,19,2020-10-02
2020-10-02 19:00:00,5040538.09,20,2020-10-02
2020-10-02 20:00:00,5204205.188,21,2020-10-02
2020-10-02 21:00:00,4803602.793,22,2020-10-02
2020-10-02 22:00:00,4328009.432,23,2020-10-02
2020-10-02 23:00:00,3816255.112,24,2020-10-02
2020-10-03 00:00:00,3294909.279,1,2020-10-03
2020-10-03 01:00:00,2940162.093,2,2020-10-03
2020-10-03 02:00:00,2730746.894,3,2020-10-03
2020-10-03 03:00:00,2606919.545,4,2020-10-03
2020-10-03 04:00:00,2536574.925,5,2020-10-03
2020-10-03 05:00:00,2538271.115,6,2020-10-03
2020-10-03 06:00:00,2689340.693,7,2020-10-03
2020-10-03 07:00:00,2985887.724,8,2020-10-03
2020-10-03 08:00:00,3511890.244,9,2020-10-03
2020-10-03 09:00:00,3681318.746,10,2020-10-03
2020-10-03 10:00:00,3713897.316,11,2020-10-03
2020-10-03 11:00:00,3767804.282,12,2020-10-03
2020-10-03 12:00:00,3652282.633,13,2020-10-03
2020-10-03 13:00:00,3556136.423,14,2020-10-03
2020-10-03 14:00:00,3662513.508,15,2020-10-03
2020-10-03 15:00:00,3755621.088,16,2020-10-03
2020-10-03 16:00:00,3940373.871,17,2020-10-03
2020-10-03 17:00:00,4163460.738,18,2020-10-03
2020-10-03 18:00:00,4501692.433,19,2020-10-03
2020-10-03 19:00:00,4709664.851,20,2020-10-03
2020-10-03 20:00:00,4895899.091,21,2020-10-03
2020-10-03 21:00:00,4519338.558,22,2020-10-03
2020-10-03 22:00:00,4067754.604,23,2020-10-03
2020-10-03 23:00:00,3578396.89,24,2020-10-03
2020-10-04 00:00:00,3076253.35,1,2020-10-04
2020-10-04 01:00:00,2736008.353,2,2020-10-04
2020-10-04 02:00:00,2535043.428,3,2020-10-04
2020-10-04 03:00:00,2412492.545,4,2020-10-04
2020-10-04 04:00:00,2335428.393,5,2020-10-04
2020-10-04 05:00:00,2321946.534,6,2020-10-04
2020-10-04 06:00:00,2449323.431,7,2020-10-04
2020-10-04 07:00:00,2714044.022,8,2020-10-04
2020-10-04 08:00:00,3200916.352,9,2020-10-04
2020-10-04 09:00:00,3325182.231,10,2020-10-04
2020-10-04 10:00:00,3308249.945,11,2020-10-04
2020-10-04 11:00:00,3310346.132,12,2020-10-04
2020-10-04 12:00:00,3143058.364,13,2020-10-04
2020-10-04 13:00:00,2997746.79,14,2020-10-04
2020-10-04 14:00:00,3060228.257,15,2020-10-04
2020-10-04 15:00:00,3117383.162,16,2020-10-04
2020-10-04 16:00:00,3276689.248,17,2020-10-04
2020-10-04 17:00:00,3487173.048,18,2020-10-04
2020-10-04 18:00:00,3827646.511,19,2020-10-04
2020-10-04 19:00:00,4054268.415,20,2020-10-04
2020-10-04 20:00:00,4276596.491,21,2020-10-04
2020-10-04 21:00:00,3954014.858,22,2020-10-04
2020-10-04 22:00:00,3574091.897,23,2020-10-04
2020-10-04 23:00:00,3173207.529,24,2020-10-04
2020-10-05 00:00:00,2774816.57,1,2020-10-05
2020-10-05 01:00:00,2551437.434,2,2020-10-05
2020-10-05 02:00:00,2477710.085,3,2020-10-05
2020-10-05 03:00:00,2489533.595,4,2020-10-05
2020-10-05 04:00:00,2550356.992,5,2020-10-05
2020-10-05 05:00:00,2674386.504,6,2020-10-05
2020-10-05 06:00:00,2934880.574,7,2020-10-05
2020-10-05 07:00:00,3324322.983,8,2020-10-05
2020-10-05 08:00:00,3923685.805,9,2020-10-05
2020-10-05 09:00:00,4144685.178,10,2020-10-05
2020-10-05 10:00:00,4205649.922,11,2020-10-05
2020-10-05 11:00:00,4264294.495,12,2020-10-05
2020-10-05 12:00:00,4130362.657,13,2020-10-05
2020-10-05 13:00:00,3994115.896,14,2020-10-05
2020-10-05 14:00:00,4041066.628,15,2020-10-05
2020-10-05 15:00:00,4058604.179,16,2020-10-05
2020-10-05 16:00:00,4155516.731,17,2020-10-05
2020-10-05 17:00:00,4282900.204,18,2020-10-05
2020-10-05 18:00:00,4522323.11,19,2020-10-05
2020-10-05 19:00:00,4633289.768,20,2020-10-05
2020-10-05 20:00:00,4729171.627,21,2020-10-05
2020-10-05 21:00:00,4273496.117,22,2020-10-05
2020-10-05 22:00:00,3758153.675,23,2020-10-05
2020-10-05 23:00:00,3223867.97,24,2020-10-05
2020-10-06 00:00:00,2698302.265,1,2020-10-06
2020-10-06 01:00:00,2357897.469,2,2020-10-06
2020-10-06 02:00:00,2180791.759,3,2020-10-06
2020-10-06 03:00:00,2105837.537,4,2020-10-06
2020-10-06 04:00:00,2098794.089,5,2020-10-06
2020-10-06 05:00:00,2175462.75,6,2020-10-06
2020-10-06 06:00:00,2409938.508,7,2020-10-06
2020-10-06 07:00:00,2794769.76,8,2020-10-06
2020-10-06 08:00:00,3410238.039,9,2020-10-06
2020-10-06 09:00:00,3666659.528,10,2020-10-06
2020-10-06 10:00:00,3780326.051,11,2020-10-06
2020-10-06 11:00:00,3906373.585,12,2020-10-06
2020-10-06 12:00:00,3851540.332,13,2020-10-06
2020-10-06 13:00:00,3802783.352,14,2020-10-06
2020-10-06 14:00:00,3942148.192,15,2020-10-06
2020-10-06 15:00:00,4053533.761,16,2020-10-06
2020-10-06 16:00:00,4242349.86,17,2020-10-06
2020-10-06 17:00:00,4456552.807,18,2020-10-06
2020-10-06 18:00:00,4774923.226,19,2020-10-06
2020-10-06 19:00:00,4954624.05,20,2020-10-06
2020-10-06 20:00:00,5107205.106,21,2020-10-06
2020-10-06 21:00:00,4694941.261,22,2020-10-06
2020-10-06 22:00:00,4209063.485,23,2020-10-06
2020-10-06 23:00:00,3690227.662,24,2020-10-06
2020-10-07 00:00:00,3166595.009,1,2020-10-07
2020-10-07 01:00:00,2815621.621,2,2020-10-07
2020-10-07 02:00:00,2616909.896,3,2020-10-07
2020-10-07 03:00:00,2511141.282,4,2020-10-07
2020-10-07 04:00:00,2466172.947,5,2020-10-07
2020-10-07 05:00:00,2500069.798,6,2020-10-07
2020-10-07 06:00:00,2689250.583,7,2020-10-07
2020-10-07 07:00:00,3028544.508,8,2020-10-07
2020-10-07 08:00:00,3600374.638,9,2020-10-07
2020-10-07 09:00:00,3816973.895,10,2020-10-07
2020-10-07 10:00:00,3896254.69,11,2020-10-07
2020-10-07 11:00:00,3994622.817,12,2020-10-07
2020-10-07 12:00:00,3919699.372,13,2020-10-07
2020-10-07 13:00:00,3858920.504,14,2020-10-07
2020-10-07 14:00:00,3994409.324,15,2020-10-07
2020-10-07 15:00:00,4109761.244,16,2020-10-07
2020-10-07 16:00:00,4309738.32,17,2020-10-07
2020-10-07 17:00:00,4541355.602,18,2020-10-07
2020-10-07 18:00:00,4882220.487,19,2020-10-07
2020-10-07 19:00:00,5088159.723,20,2020-10-07
2020-10-07 20:00:00,5269296.804,21,2020-10-07
2020-10-07 21:00:00,4886463.09,22,2020-10-07
2020-10-07 22:00:00,4429498.524,23,2020-10-07
2020-10-07 23:00:00,3937783.573,24,2020-10-07
2020-10-08 00:00:00,3438373.581,1,2020-10-08
2020-10-08 01:00:00,3107830.867,2,2020-10-08
2020-10-08 02:00:00,2925105.878,3,2020-10-08
2020-10-08 03:00:00,2830486.025,4,2020-10-08
2020-10-08 04:00:00,2791694.77,5,2020-10-08
2020-10-08 05:00:00,2826912.987,6,2020-10-08
2020-10-08 06:00:00,3012902.601,7,2020-10-08
2020-10-08 07:00:00,3345030.712,8,2020-10-08
2020-10-08 08:00:00,3906412.698,9,2020-10-08
2020-10-08 09:00:00,4110082.6,10,2020-10-08
2020-10-08 10:00:00,4174814.485,11,2020-10-08
2020-10-08 11:00:00,4257888.075,12,2020-10-08
2020-10-08 12:00:00,4167764.924,13,2020-10-08
2020-10-08 13:00:00,4092647.193,14,2020-10-08
2020-10-08 14:00:00,4215315.264,15,2020-10-08
2020-10-08 15:00:00,4319886.855,16,2020-10-08
2020-10-08 16:00:00,4511494.162,17,2020-10-08
2020-10-08 17:00:00,4737362.352,18,2020-10-08
2020-10-08 18:00:00,5075150.283,19,2020-10-08
2020-10-08 19:00:00,5280587.381,20,2020-10-08
2020-10-08 20:00:00,5463568.309,21,2020-10-08
2020-10-08 21:00:00,5084587.264,22,2020-10-08
2020-10-08 22:00:00,4633066.031,23,2020-10-08
2020-10-08 23:00:00,4147915.504,24,2020-10-08
2020-10-09 00:00:00,3655699.929,1,2020-10-09
2020-10-09 01:00:00,3332497.362,2,2020-10-09
2020-10-09 02:00:00,3156805.949,3,2020-10-09
2020-10-09 03:00:00,3068513.328,4,2020-10-09
2020-10-09 04:00:00,3035010.653,5,2020-10-09
2020-10-09 05:00:00,3074222.68,6,2020-10-09
2020-10-09 06:00:00,3262733.744,7,2020-10-09
2020-10-09 07:00:00,3595808.083,8,2020-10-09
2020-10-09 08:00:00,4156523.684,9,2020-10-09
2020-10-09 09:00:00,4357928.989,10,2020-10-09
2020-10-09 10:00:00,4418847.436,11,2020-10-09
2020-10-09 11:00:00,4496624.664,12,2020-10-09
2020-10-09 12:00:00,4399786.221,13,2020-10-09
2020-10-09 13:00:00,4316579.431,14,2020-10-09
2020-10-09 14:00:00,4429797.1,15,2020-10-09
2020-10-09 15:00:00,4523526.969,16,2020-10-09
2020-10-09 16:00:00,4702824.374,17,2020-10-09
2020-10-09 17:00:00,4914792.011,18,2020-10-09
2020-10-09 18:00:00,5236927.818,19,2020-10-09
2020-10-09 19:00:00,5424774.655,20,2020-10-09
2020-10-09 20:00:00,5588032.687,21,2020-10-09
2020-10-09 21:00:00,5187015.247,22,2020-10-09
2020-10-09 22:00:00,4711000.875,23,2020-10-09
2020-10-09 23:00:00,4198819.592,24,2020-10-09
2020-10-10 00:00:00,3677040.857,1,2020-10-10
2020-10-10 01:00:00,3321854.845,2,2020-10-10
2020-10-10 02:00:00,3111994.909,3,2020-10-10
2020-10-10 03:00:00,2987716.926,4,2020-10-10
2020-10-10 04:00:00,2916915.789,5,2020-10-10
2020-10-10 05:00:00,2918149.594,6,2020-10-10
2020-10-10 06:00:00,3068750.934,7,2020-10-10
2020-10-10 07:00:00,3364823.888,8,2020-10-10
2020-10-10 08:00:00,3890346.507,9,2020-10-10
2020-10-10 09:00:00,4059289.3,10,2020-10-10
2020-10-10 10:00:00,4091376.366,11,2020-10-10
2020-10-10 11:00:00,4144786.05,12,2020-10-10
2020-10-10 12:00:00,4028761.356,13,2020-10-10
2020-10-10 13:00:00,3932106.354,14,2020-10-10
2020-10-10 14:00:00,4037968.914,15,2020-10-10
2020-10-10 15:00:00,4130556.254,16,2020-10-10
2020-10-10 16:00:00,4314783.097,17,2020-10-10
2020-10-10 17:00:00,4537338.341,18,2020-10-10
2020-10-10 18:00:00,4875032.745,19,2020-10-10
2020-10-10 19:00:00,5082462.22,20,2020-10-10
2020-10-10 20:00:00,5268147.884,21,2020-10-10
2020-10-10 21:00:00,4891033.157,22,2020-10-10
2020-10-10 22:00:00,4438889.409,23,2020-10-10
2020-10-10 23:00:00,3948966.317,24,2020-10-10
2020-10-11 00:00:00,3446251.832,1,2020-10-11
2020-10-11 01:00:00,3105430.341,2,2020-10-11
2020-10-11 02:00:00,2903883.391,3,2020-10-11
2020-10-11 03:00:00,2780744.968,4,2020-10-11
2020-10-11 04:00:00,2703087.78,5,2020-10-11
2020-10-11 05:00:00,2689007.406,6,2020-10-11
2020-10-11 06:00:00,2815780.328,7,2020-10-11
2020-10-11 07:00:00,3079891.502,8,2020-10-11
2020-10-11 08:00:00,3566148.989,9,2020-10-11
2020-10-11 09:00:00,3689794.621,10,2020-10-11
2020-10-11 10:00:00,3672236.699,11,2020-10-11
2020-10-11 11:00:00,3673701.884,12,2020-10-11
2020-10-11 12:00:00,3505777.763,13,2020-10-11
2020-10-11 13:00:00,3359824.505,14,2020-10-11
2020-10-11 14:00:00,3421658.976,15,2020-10-11
2020-10-11 15:00:00,3478161.594,16,2020-10-11
2020-10-11 16:00:00,3636810.119,17,2020-10-11
2020-10-11 17:00:00,3846631.105,18,2020-10-11
2020-10-11 18:00:00,4186436.52,19,2020-10-11
2020-10-11 19:00:00,4412385.161,20,2020-10-11
2020-10-11 20:00:00,4634034.781,21,2020-10-11
2020-10-11 21:00:00,4310769.516,22,2020-10-11
2020-10-11 22:00:00,3930157.77,23,2020-10-11
2020-10-11 23:00:00,3528579.484,24,2020-10-11
2020-10-12 00:00:00,3129489.493,1,2020-10-12
2020-10-12 01:00:00,2905406.231,2,2020-10-12
2020-10-12 02:00:00,2830969.685,3,2020-10-12
2020-10-12 03:00:00,2842078.947,4,2020-10-12
2020-10-12 04:00:00,2902183.065,5,2020-10-12
2020-10-12 05:00:00,3025488.288,6,2020-10-12
2020-10-12 06:00:00,3285253.081,7,2020-10-12
2020-10-12 07:00:00,3673961.247,8,2020-10-12
2020-10-12 08:00:00,4272584.879,9,2020-10-12
2020-10-12 09:00:00,4492840.139,10,2020-10-12
2020-10-12 10:00:00,4553055.867,11,2020-10-12
2020-10-12 11:00:00,4610946.544,12,2020-10-12
2020-10-12 12:00:00,4476255.952,13,2020-10-12
2020-10-12 13:00:00,4339245.6,14,2020-10-12
2020-10-12 14:00:00,4385427.926,15,2020-10-12
2020-10-12 15:00:00,4402192.278,16,2020-10-12
2020-10-12 16:00:00,4498326.864,17,2020-10-12
2020-10-12 17:00:00,4624927.622,18,2020-10-12
2020-10-12 18:00:00,4863563.089,19,2020-10-12
2020-10-12 19:00:00,4973737.606,20,2020-10-12
2020-10-12 20:00:00,5068822.646,21,2020-10-12
2020-10-12 21:00:00,4612345.659,22,2020-10-12
2020-10-12 22:00:00,4096197.109,23,2020-10-12
2020-10-12 23:00:00,3561100.686,24,2020-10-12
2020-10-13 00:00:00,3034719.676,1,2020-10-13
2020-10-13 01:00:00,2693495.014,2,2020-10-13
2020-10-13 02:00:00,2515564.898,3,2020-10-13
2020-10-13 03:00:00,2439781.754,4,2020-10-13
2020-10-13 04:00:00,2431904.893,5,2020-10-13
2020-10-13 05:00:00,2507735.673,6,2020-10-13
2020-10-13 06:00:00,2741369.105,7,2020-10-13
2020-10-13 07:00:00,3125353.613,8,2020-10-13
2020-10-13 08:00:00,3739970.752,9,2020-10-13
2020-10-13 09:00:00,3995536.731,10,2020-10-13
2020-10-13 10:00:00,4108343.397,11,2020-10-13
2020-10-13 11:00:00,4233526.751,12,2020-10-13
2020-10-13 12:00:00,4177825.022,13,2020-10-13
2020-10-13 13:00:00,4128195.293,14,2020-10-13
2020-10-13 14:00:00,4266683.135,15,2020-10-13
2020-10-13 15:00:00,4377187.485,16,2020-10-13
2020-10-13 16:00:00,4565118.167,17,2020-10-13
2020-10-13 17:00:00,4778431.525,18,2020-10-13
2020-10-13 18:00:00,5095908.207,19,2020-10-13
2020-10-13 19:00:00,5274711.173,20,2020-10-13
2020-10-13 20:00:00,5426390.276,21,2020-10-13
2020-10-13 21:00:00,5013220.406,22,2020-10-13
2020-10-13 22:00:00,4526432.562,23,2020-10-13
2020-10-13 23:00:00,4006682.65,24,2020-10-13
2020-10-14 00:00:00,3482131.916,1,2020-10-14
2020-10-14 01:00:00,3130236.48,2,2020-10-14
2020-10-14 02:00:00,2930598.767,3,2020-10-14
2020-10-14 03:00:00,2823900.249,4,2020-10-14
2020-10-14 04:00:00,2777998.123,5,2020-10-14
2020-10-14 05:00:00,2810957.32,6,2020-10-14
2020-10-14 06:00:00,2999196.616,7,2020-10-14
2020-10-14 07:00:00,3337545.243,8,2020-10-14
2020-10-14 08:00:00,3908426.292,9,2020-10-14
2020-10-14 09:00:00,4124072.714,10,2020-10-14
2020-10-14 10:00:00,4202396.945,11,2020-10-14
2020-10-14 11:00:00,4299804.806,12,2020-10-14
2020-10-14 12:00:00,4223917.421,13,2020-10-14
2020-10-14 13:00:00,4162170.965,14,2020-10-14
2020-10-14 14:00:00,4296688.578,15,2020-10-14
2020-10-14 15:00:00,4411065.697,16,2020-10-14
2020-10-14 16:00:00,4610064.408,17,2020-10-14
2020-10-14 17:00:00,4840699.787,18,2020-10-14
2020-10-14 18:00:00,5180579.258,19,2020-10-14
2020-10-14 19:00:00,5385529.597,20,2020-10-14
2020-10-14 20:00:00,5565674.327,21,2020-10-14
2020-10-14 21:00:00,5181844.834,22,2020-10-14
2020-10-14 22:00:00,4723881.091,23,2020-10-14
2020-10-14 23:00:00,4231163.592,24,2020-10-14
2020-10-15 00:00:00,3730747.707,1,2020-10-15
2020-10-15 01:00:00,3399195.787,2,2020-10-15
2020-10-15 02:00:00,3215458.305,3,2020-10-15
2020-10-15 03:00:00,3119822.701,4,2020-10-15
2020-10-15 04:00:00,3080012.465,5,2020-10-15
2020-10-15 05:00:00,3114208.499,6,2020-10-15
2020-10-15 06:00:00,3299172.757,7,2020-10-15
2020-10-15 07:00:00,3630272.369,8,2020-10-15
2020-10-15 08:00:00,4190622.74,9,2020-10-15
2020-10-15 09:00:00,4393257.941,10,2020-10-15
2020-10-15 10:00:00,4456952.066,11,2020-10-15
2020-10-15 11:00:00,4538984.868,12,2020-10-15
2020-10-15 12:00:00,4447817.928,13,2020-10-15
2020-10-15 13:00:00,4371653.438,14,2020-10-15
2020-10-15 14:00:00,4493271.808,15,2020-10-15
2020-10-15 15:00:00,4596790.786,16,2020-10-15
2020-10-15 16:00:00,4787342.596,17,2020-10-15
2020-10-15 17:00:00,5012152.436,18,2020-10-15
2020-10-15 18:00:00,5348879.193,19,2020-10-15
2020-10-15 19:00:00,5553252.321,20,2020-10-15
2020-10-15 20:00:00,5735166.514,21,2020-10-15
2020-10-15 21:00:00,5355115.999,22,2020-10-15
2020-10-15 22:00:00,4902522.59,23,2020-10-15
2020-10-15 23:00:00,4416297.21,24,2020-10-15
2020-10-16 00:00:00,3923004.136,1,2020-10-16
2020-10-16 01:00:00,3598721.452,2,2020-10-16
2020-10-16 02:00:00,3421947.337,3,2020-10-16
2020-10-16 03:00:00,3332569.457,4,2020-10-16
2020-10-16 04:00:00,3297978.997,5,2020-10-16
2020-10-16 05:00:00,3336100.741,6,2020-10-16
2020-10-16 06:00:00,3523519.056,7,2020-10-16
2020-10-16 07:00:00,3855498.21,8,2020-10-16
2020-10-16 08:00:00,4415116.222,9,2020-10-16
2020-10-16 09:00:00,4615421.56,10,2020-10-16
2020-10-16 10:00:00,4675237.696,11,2020-10-16
2020-10-16 11:00:00,4751910.298,12,2020-10-16
2020-10-16 12:00:00,4653964.945,13,2020-10-16
2020-10-16 13:00:00,4569648.992,14,2020-10-16
2020-10-16 14:00:00,4681755.274,15,2020-10-16
2020-10-16 15:00:00,4774371.565,16,2020-10-16
2020-10-16 16:00:00,4952553.229,17,2020-10-16
2020-10-16 17:00:00,5163402.995,18,2020-10-16
2020-10-16 18:00:00,5484418.831,19,2020-10-16
2020-10-16 19:00:00,5671143.627,20,2020-10-16
2020-10-16 20:00:00,5833277.58,21,2020-10-16
2020-10-16 21:00:00,5431134.054,22,2020-10-16
2020-10-16 22:00:00,4953991.618,23,2020-10-16
2020-10-16 23:00:00,4440680.327,24,2020-10-16
2020-10-17 00:00:00,3917769.67,1,2020-10-17
2020-10-17 01:00:00,3561449.852,2,2020-10-17
2020-10-17 02:00:00,3350454.258,3,2020-10-17
2020-10-17 03:00:00,3225038.795,4,2020-10-17
2020-10-17 04:00:00,3153098.39,5,2020-10-17
2020-10-17 05:00:00,3153191.168,6,2020-10-17
2020-10-17 06:00:00,3302649.754,7,2020-10-17
2020-10-17 07:00:00,3597578.258,8,2020-10-17
2020-10-17 08:00:00,4121954.763,9,2020-10-17
2020-10-17 09:00:00,4289749.807,10,2020-10-17
2020-10-17 10:00:00,4320687.524,11,2020-10-17
2020-10-17 11:00:00,4372946.29,12,2020-10-17
2020-10-17 12:00:00,4255769.137,13,2020-10-17
2020-10-17 13:00:00,4157960.17,14,2020-10-17
2020-10-17 14:00:00,4262667.29,15,2020-10-17
2020-10-17 15:00:00,4354097.746,16,2020-10-17
2020-10-17 16:00:00,4537166.293,17,2020-10-17
2020-10-17 17:00:00,4758561.859,18,2020-10-17
2020-10-17 18:00:00,5095095.237,19,2020-10-17
2020-10-17 19:00:00,5301362.369,20,2020-10-17
2020-10-17 20:00:00,5485884.404,21,2020-10-17
2020-10-17 21:00:00,5107604.794,22,2020-10-17
2020-10-17 22:00:00,4654294.942,23,2020-10-17
2020-10-17 23:00:00,4163204.554,24,2020-10-17
2020-10-18 00:00:00,3659321.616,1,2020-10-18
2020-10-18 01:00:00,3317330.546,2,2020-10-18
2020-10-18 02:00:00,3114612.921,3,2020-10-18
2020-10-18 03:00:00,2990302.761,4,2020-10-18
2020-10-18 04:00:00,2911472.805,5,2020-10-18
2020-10-18 05:00:00,2896218.664,6,2020-10-18
2020-10-18 06:00:00,3021816.851,7,2020-10-18
2020-10-18 07:00:00,3284752.356,8,2020-10-18
2020-10-18 08:00:00,3769833.271,9,2020-10-18
2020-10-18 09:00:00,3892301.46,10,2020-10-18
2020-10-18 10:00:00,3873565.256,11,2020-10-18
2020-10-18 11:00:00,3873851.351,12,2020-10-18
2020-10-18 12:00:00,3704747.364,13,2020-10-18
2020-10-18 13:00:00,3557613.498,14,2020-10-18
2020-10-18 14:00:00,3618266.651,15,2020-10-18
2020-10-18 15:00:00,3673587.27,16,2020-10-18
2020-10-18 16:00:00,3831053.15,17,2020-10-18
2020-10-18 17:00:00,4039690.876,18,2020-10-18
2020-10-18 18:00:00,4378312.447,19,2020-10-18
2020-10-18 19:00:00,4603076.695,20,2020-10-18
2020-10-18 20:00:00,4823541.401,21,2020-10-18
2020-10-18 21:00:00,4499090.737,22,2020-10-18
2020-10-18 22:00:00,4117293.137,23,2020-10-18
2020-10-18 23:00:00,3714528.574,24,2020-10-18
2020-10-19 00:00:00,3314251.916,1,2020-10-19
2020-10-19 01:00:00,3088981.628,2,2020-10-19
2020-10-19 02:00:00,3013357.73,3,2020-10-19
2020-10-19 03:00:00,3023279.345,4,2020-10-19
2020-10-19 04:00:00,3082195.554,5,2020-10-19
2020-10-19 05:00:00,3204312.638,6,2020-10-19
2020-10-19 06:00:00,3462889.094,7,2020-10-19
2020-10-19 07:00:00,3850408.756,8,2020-10-19
2020-10-19 08:00:00,4447843.751,9,2020-10-19
2020-10-19 09:00:00,4666910.271,10,2020-10-19
2020-10-19 10:00:00,4725937.19,11,2020-10-19
2020-10-19 11:00:00,4782639.02,12,2020-10-19
2020-10-19 12:00:00,4646759.573,13,2020-10-19
2020-10-19 13:00:00,4508560.394,14,2020-10-19
2020-10-19 14:00:00,4553553.95,15,2020-10-19
2020-10-19 15:00:00,4569129.623,16,2020-10-19
2020-10-19 16:00:00,4664075.65,17,2020-10-19
2020-10-19 17:00:00,4789488.004,18,2020-10-19
2020-10-19 18:00:00,5026935.253,19,2020-10-19
2020-10-19 19:00:00,5135921.769,20,2020-10-19
2020-10-19 20:00:00,5229819.057,21,2020-10-19
2020-10-19 21:00:00,4772154.601,22,2020-10-19
2020-10-19 22:00:00,4254818.894,23,2020-10-19
2020-10-19 23:00:00,3718535.659,24,2020-10-19
2020-10-20 00:00:00,3190968.215,1,2020-10-20
2020-10-20 01:00:00,2848557.525,2,2020-10-20
2020-10-20 02:00:00,2669441.824,3,2020-10-20
2020-10-20 03:00:00,2592473.566,4,2020-10-20
2020-10-20 04:00:00,2583412.095,5,2020-10-20
2020-10-20 05:00:00,2658058.8,6,2020-10-20
2020-10-20 06:00:00,2890508.725,7,2020-10-20
2020-10-20 07:00:00,3273310.324,8,2020-10-20
2020-10-20 08:00:00,3886745.185,9,2020-10-20
2020-10-20 09:00:00,4141129.547,10,2020-10-20
2020-10-20 10:00:00,4252755.29,11,2020-10-20
2020-10-20 11:00:00,4376758.446,12,2020-10-20
2020-10-20 12:00:00,4319877.275,13,2020-10-20
2020-10-20 13:00:00,4269068.893,14,2020-10-20
2020-10-20 14:00:00,4406378.901,15,2020-10-20
2020-10-20 15:00:00,4515706.267,16,2020-10-20
2020-10-20 16:00:00,4702460.848,17,2020-10-20
2020-10-20 17:00:00,4914599.017,18,2020-10-20
2020-10-20 18:00:00,5230901.456,19,2020-10-20
2020-10-20 19:00:00,5408531.155,20,2020-10-20
2020-10-20 20:00:00,5559037.997,21,2020-10-20
2020-10-20 21:00:00,5144696.904,22,2020-10-20
2020-10-20 22:00:00,4656738.906,23,2020-10-20
2020-10-20 23:00:00,4135819.942,24,2020-10-20
2020-10-21 00:00:00,3610101.286,1,2020-10-21
2020-10-21 01:00:00,3257039.091,2,2020-10-21
2020-10-21 02:00:00,3056235.811,3,2020-10-21
2020-10-21 03:00:00,2948372.952,4,2020-10-21
2020-10-21 04:00:00,2901307.739,5,2020-10-21
2020-10-21 05:00:00,2933105.135,6,2020-10-21
2020-10-21 06:00:00,3120183.946,7,2020-10-21
2020-10-21 07:00:00,3457373.437,8,2020-10-21
2020-10-21 08:00:00,4027096.727,9,2020-10-21
2020-10-21 09:00:00,4241586.798,10,2020-10-21
2020-10-21 10:00:00,4318756.117,11,2020-10-21
2020-10-21 11:00:00,4415010.536,12,2020-10-21
2020-10-21 12:00:00,4337971.209,13,2020-10-21
2020-10-21 13:00:00,4275074.342,14,2020-10-21
2020-10-21 14:00:00,4408443.105,15,2020-10-21
2020-10-21 15:00:00,4521672.964,16,2020-10-21
2020-10-21 16:00:00,4719526.036,17,2020-10-21
2020-10-21 17:00:00,4949017.428,18,2020-10-21
2020-10-21 18:00:00,5287754.594,19,2020-10-21
2020-10-21 19:00:00,5491564.339,20,2020-10-21
2020-10-21 20:00:00,5670570.217,21,2020-10-21
2020-10-21 21:00:00,5285603.644,22,2020-10-21
2020-10-21 22:00:00,4826504.621,23,2020-10-21
2020-10-21 23:00:00,4332653.674,24,2020-10-21
2020-10-22 00:00:00,3831106.203,1,2020-10-22
2020-10-22 01:00:00,3498424.586,2,2020-10-22
2020-10-22 02:00:00,3313559.328,3,2020-10-22
2020-10-22 03:00:00,3216797.898,4,2020-10-22
2020-10-22 04:00:00,3175863.815,5,2020-10-22
2020-10-22 05:00:00,3208938.011,6,2020-10-22
2020-10-22 06:00:00,3392782.469,7,2020-10-22
2020-10-22 07:00:00,3722764.348,8,2020-10-22
2020-10-22 08:00:00,4281999.083,9,2020-10-22
2020-10-22 09:00:00,4483520.773,10,2020-10-22
2020-10-22 10:00:00,4546103.543,11,2020-10-22
2020-10-22 11:00:00,4627027.173,12,2020-10-22
2020-10-22 12:00:00,4534753.274,13,2020-10-22
2020-10-22 13:00:00,4457484.066,14,2020-10-22
2020-10-22 14:00:00,4577999.989,15,2020-10-22
2020-10-22 15:00:00,4680418.82,16,2020-10-22
2020-10-22 16:00:00,4869872.809,17,2020-10-22
2020-10-22 17:00:00,5093587.185,18,2020-10-22
2020-10-22 18:00:00,5429220.862,19,2020-10-22
2020-10-22 19:00:00,5632503.324,20,2020-10-22
2020-10-22 20:00:00,5813329.292,21,2020-10-22
2020-10-22 21:00:00,5432193.022,22,2020-10-22
2020-10-22 22:00:00,4978516.355,23,2020-10-22
2020-10-22 23:00:00,4491210.244,24,2020-10-22
2020-10-23 00:00:00,3996838.992,1,2020-10-23
2020-10-23 01:00:00,3671480.713,2,2020-10-23
2020-10-23 02:00:00,3493633.612,3,2020-10-23
2020-10-23 03:00:00,3403185.383,4,2020-10-23
2020-10-23 04:00:00,3367527.238,5,2020-10-23
2020-10-23 05:00:00,3404583.992,6,2020-10-23
2020-10-23 06:00:00,3590940.035,7,2020-10-23
2020-10-23 07:00:00,3921859.666,8,2020-10-23
2020-10-23 08:00:00,4480420.928,9,2020-10-23
2020-10-23 09:00:00,4679672.32,10,2020-10-23
2020-10-23 10:00:00,4738437.338,11,2020-10-23
2020-10-23 11:00:00,4814061.678,12,2020-10-23
2020-10-23 12:00:00,4715070.946,13,2020-10-23
2020-10-23 13:00:00,4629712.524,14,2020-10-23
2020-10-23 14:00:00,4740779.274,15,2020-10-23
2020-10-23 15:00:00,4832358.996,16,2020-10-23
2020-10-23 16:00:00,5009507.082,17,2020-10-23
2020-10-23 17:00:00,5219326.284,18,2020-10-23
2020-10-23 18:00:00,5539314.601,19,2020-10-23
2020-10-23 19:00:00,5725014.946,20,2020-10-23
2020-10-23 20:00:00,5886127.543,21,2020-10-23
2020-10-23 21:00:00,5482965.783,22,2020-10-23
2020-10-23 22:00:00,5004808.261,23,2020-10-23
2020-10-23 23:00:00,4490485.056,24,2020-10-23
2020-10-24 00:00:00,3966565.683,1,2020-10-24
2020-10-24 01:00:00,3609240.376,2,2020-10-24
2020-10-24 02:00:00,3397242.541,3,2020-10-24
2020-10-24 03:00:00,3270828.114,4,2020-10-24
2020-10-24 04:00:00,3197892.046,5,2020-10-24
2020-10-24 05:00:00,3196992.487,6,2020-10-24
2020-10-24 06:00:00,3345462.087,7,2020-10-24
2020-10-24 07:00:00,3639404.983,8,2020-10-24
2020-10-24 08:00:00,4162799.28,9,2020-10-24
2020-10-24 09:00:00,4329615.544,10,2020-10-24
2020-10-24 10:00:00,4359577.931,11,2020-10-24
2020-10-24 11:00:00,4410864.842,12,2020-10-24
2020-10-24 12:00:00,4292719.336,13,2020-10-24
2020-10-24 13:00:00,4193945.54,14,2020-10-24
2020-10-24 14:00:00,4297691.38,15,2020-10-24
2020-10-24 15:00:00,4388164.129,16,2020-10-24
2020-10-24 16:00:00,4570278.565,17,2020-10-24
2020-10-24 17:00:00,4790723.643,18,2020-10-24
2020-10-24 18:00:00,5126310.177,19,2020-10-24
2020-10-24 19:00:00,5331634.135,20,2020-10-24
2020-10-24 20:00:00,5515216.688,21,2020-10-24
2020-10-24 21:00:00,5136001.312,22,2020-10-24
2020-10-24 22:00:00,4681759.433,23,2020-10-24
2020-10-24 23:00:00,4189740.781,24,2020-10-24
2020-10-25 00:00:00,3684933.365,1,2020-10-25
2020-10-25 01:00:00,3342021.625,2,2020-10-25
2020-10-25 02:00:00,3138387.162,3,2020-10-25
2020-10-25 03:00:00,3013164.019,4,2020-10-25
2020-10-25 04:00:00,2933424.958,5,2020-10-25
2020-10-25 05:00:00,2917265.611,6,2020-10-25
2020-10-25 06:00:00,3041962.514,7,2020-10-25
2020-10-25 07:00:00,3304000.68,8,2020-10-25
2020-10-25 08:00:00,3788188.222,9,2020-10-25
2020-10-25 09:00:00,3909767.028,10,2020-10-25
2020-10-25 10:00:00,3890145.451,11,2020-10-25
2020-10-25 11:00:00,3889550.206,12,2020-10-25
2020-10-25 12:00:00,3719568.935,13,2020-10-25
2020-10-25 13:00:00,3571561.859,14,2020-10-25
2020-10-25 14:00:00,3631345.9,15,2020-10-25
2020-10-25 15:00:00,3685801.526,16,2020-10-25
2020-10-25 16:00:00,3842406.553,17,2020-10-25
2020-10-25 17:00:00,4050187.586,18,2020-10-25
2020-10-25 18:00:00,4387956.648,19,2020-10-25
2020-10-25 19:00:00,4611872.589,20,2020-10-25
2020-10-25 20:00:00,4831493.212,21,2020-10-25
2020-10-25 21:00:00,4506202.709,22,2020-10-25
2020-10-25 22:00:00,4123569.534,23,2020-10-25
2020-10-25 23:00:00,3719973.68,24,2020-10-25
2020-10-26 00:00:00,3318870.037,1,2020-10-26
2020-10-26 01:00:00,3092777.09,2,2020-10-26
2020-10-26 02:00:00,3016334.876,3,2020-10-26
2020-10-26 03:00:00,3025442.542,4,2020-10-26
2020-10-26 04:00:00,3083549.185,5,2020-10-26
2020-10-26 05:00:00,3204861.108,6,2020-10-26
2020-10-26 06:00:00,3462636.825,7,2020-10-26
2020-10-26 07:00:00,3849360.191,8,2020-10-26
2020-10-26 08:00:00,4446003.352,9,2020-10-26
2020-10-26 09:00:00,4664282.518,10,2020-10-26
2020-10-26 10:00:00,4722526.583,11,2020-10-26
2020-10-26 11:00:00,4778450.076,12,2020-10-26
2020-10-26 12:00:00,4641796.83,13,2020-10-26
2020-10-26 13:00:00,4502828.406,14,2020-10-26
2020-10-26 14:00:00,4547057.292,15,2020-10-26
2020-10-26 15:00:00,4561872.885,16,2020-10-26
2020-10-26 16:00:00,4656063.442,17,2020-10-26
2020-10-26 17:00:00,4780724.953,18,2020-10-26
2020-10-26 18:00:00,5017426.005,19,2020-10-26
2020-10-26 19:00:00,5125670.985,20,2020-10-26
2020-10-26 20:00:00,5218831.419,21,2020-10-26
2020-10-26 21:00:00,4760434.805,22,2020-10-26
2020-10-26 22:00:00,4242371.655,23,2020-10-26
2020-10-26 23:00:00,3705365.709,24,2020-10-26
2020-10-27 00:00:00,3177080.301,1,2020-10-27
2020-10-27 01:00:00,2833956.414,2,2020-10-27
2020-10-27 02:00:00,2654132.295,3,2020-10-27
2020-10-27 03:00:00,2576460.419,4,2020-10-27
2020-10-27 04:00:00,2566700.144,5,2020-10-27
2020-10-27 05:00:00,2640652.876,6,2020-10-27
2020-10-27 06:00:00,2872413.674,7,2020-10-27
2020-10-27 07:00:00,3254531.009,8,2020-10-27
2020-10-27 08:00:00,3867286.483,9,2020-10-27
2020-10-27 09:00:00,4120996.352,10,2020-10-27
2020-10-27 10:00:00,4231952.511,11,2020-10-27
2020-10-27 11:00:00,4355291.007,12,2020-10-27
2020-10-27 12:00:00,4297750.116,13,2020-10-27
2020-10-27 13:00:00,4246286.967,14,2020-10-27
2020-10-27 14:00:00,4382947.178,15,2020-10-27
2020-10-27 15:00:00,4491629.731,16,2020-10-27
2020-10-27 16:00:00,4677744.497,17,2020-10-27
2020-10-27 17:00:00,4889247.864,18,2020-10-27
2020-10-27 18:00:00,5204920.527,19,2020-10-27
2020-10-27 19:00:00,5381925.491,20,2020-10-27
2020-10-27 20:00:00,5531812.653,21,2020-10-27
2020-10-27 21:00:00,5116856.948,22,2020-10-27
2020-10-27 22:00:00,4628289.421,23,2020-10-27
2020-10-27 23:00:00,4106766.023,24,2020-10-27
2020-10-28 00:00:00,3580448.042,1,2020-10-28
2020-10-28 01:00:00,3226791.644,2,2020-10-28
2020-10-28 02:00:00,3025399.296,3,2020-10-28
2020-10-28 03:00:00,2916952.516,4,2020-10-28
2020-10-28 04:00:00,2869308.542,5,2020-10-28
2020-10-28 05:00:00,2900532.351,6,2020-10-28
2020-10-28 06:00:00,3087042.76,7,2020-10-28
2020-10-28 07:00:00,3423669.046,8,2020-10-28
2020-10-28 08:00:00,3992834.341,9,2020-10-28
2020-10-28 09:00:00,4206771.638,10,2020-10-28
2020-10-28 10:00:00,4283393.417,11,2020-10-28
2020-10-28 11:00:00,4379105.54,12,2020-10-28
2020-10-28 12:00:00,4301529.174,13,2020-10-28
2020-10-28 13:00:00,4238100.534,14,2020-10-28
2020-10-28 14:00:00,4370942.802,15,2020-10-28
2020-10-28 15:00:00,4483651.457,16,2020-10-28
2020-10-28 16:00:00,4680988.625,17,2020-10-28
2020-10-28 17:00:00,4909969.423,18,2020-10-28
2020-10-28 18:00:00,5248201.316,19,2020-10-28
2020-10-28 19:00:00,5451511.121,20,2020-10-28
2020-10-28 20:00:00,5630022.399,21,2020-10-28
2020-10-28 21:00:00,5244566.579,22,2020-10-28
2020-10-28 22:00:00,4784983.67,23,2020-10-28
2020-10-28 23:00:00,4290654.208,24,2020-10-28
2020-10-29 00:00:00,3788633.603,1,2020-10-29
2020-10-29 01:00:00,3455484.243,2,2020-10-29
2020-10-29 02:00:00,3270156.639,3,2020-10-29
2020-10-29 03:00:00,3172938.273,4,2020-10-29
2020-10-29 04:00:00,3131552.67,5,2020-10-29
2020-10-29 05:00:00,3164180.772,6,2020-10-29
2020-10-29 06:00:00,3347584.571,7,2020-10-29
2020-10-29 07:00:00,3677131.233,8,2020-10-29
2020-10-29 08:00:00,4235936.202,9,2020-10-29
2020-10-29 09:00:00,4437033.585,10,2020-10-29
2020-10-29 10:00:00,4499197.514,11,2020-10-29
2020-10-29 11:00:00,4579707.779,12,2020-10-29
2020-10-29 12:00:00,4487025.996,13,2020-10-29
2020-10-29 13:00:00,4409354.394,14,2020-10-29
2020-10-29 14:00:00,4529473.42,15,2020-10-29
2020-10-29 15:00:00,4631500.856,16,2020-10-29
2020-10-29 16:00:00,4820568.962,17,2020-10-29
2020-10-29 17:00:00,5043902.972,18,2020-10-29
2020-10-29 18:00:00,5379161.807,19,2020-10-29
2020-10-29 19:00:00,5582074.958,20,2020-10-29
2020-10-29 20:00:00,5762537.151,21,2020-10-29
2020-10-29 21:00:00,5381042.649,22,2020-10-29
2020-10-29 22:00:00,4927013.298,23,2020-10-29
2020-10-29 23:00:00,4439360.057,24,2020-10-29
2020-10-30 00:00:00,3944647.236,1,2020-10-30
2020-10-30 01:00:00,3618952.952,2,2020-10-30
2020-10-30 02:00:00,3440775.417,3,2020-10-30
2020-10-30 03:00:00,3350002.33,4,2020-10-30
2020-10-30 04:00:00,3314024.908,5,2020-10-30
2020-10-30 05:00:00,3350767.969,6,2020-10-30
2020-10-30 06:00:00,3536815.91,7,2020-10-30
2020-10-30 07:00:00,3867433.032,8,2020-10-30
2020-10-30 08:00:00,4425697.385,9,2020-10-30
2020-10-30 09:00:00,4624657.469,10,2020-10-30
2020-10-30 10:00:00,4683136.787,11,2020-10-30
2020-10-30 11:00:00,4758481.037,12,2020-10-30
2020-10-30 12:00:00,4659215.828,13,2020-10-30
2020-10-30 13:00:00,4573588.547,14,2020-10-30
2020-10-30 14:00:00,4684392.058,15,2020-10-30
2020-10-30 15:00:00,4775714.165,16,2020-10-30
2020-10-30 16:00:00,4952610.262,17,2020-10-30
2020-10-30 17:00:00,5162183.105,18,2020-10-30
2020-10-30 18:00:00,5481930.694,19,2020-10-30
2020-10-30 19:00:00,5667395.946,20,2020-10-30
2020-10-30 20:00:00,5828279.086,21,2020-10-30
2020-10-30 21:00:00,5424893.508,22,2020-10-30
2020-10-30 22:00:00,4946517.808,23,2020-10-30
2020-10-30 23:00:00,4431982.067,24,2020-10-30
2020-10-31 00:00:00,3907855.803,1,2020-10-31
2020-10-31 01:00:00,3550329.249,2,2020-10-31
2020-10-31 02:00:00,3338135.814,3,2020-10-31
2020-10-31 03:00:00,3211531.435,4,2020-10-31
2020-10-31 04:00:00,3138411.063,5,2020-10-31
2020-10-31 05:00:00,3137332.849,6,2020-10-31
2020-10-31 06:00:00,3285629.444,7,2020-10-31
2020-10-31 07:00:00,3579404.984,8,2020-10-31
2020-10-31 08:00:00,4102637.577,9,2020-10-31
2020-10-31 09:00:00,4269297.786,10,2020-10-31
2020-10-31 10:00:00,4299109.77,11,2020-10-31
2020-10-31 11:00:00,4350251.927,12,2020-10-31
2020-10-31 12:00:00,4231967.318,13,2020-10-31
2020-10-31 13:00:00,4133060.066,14,2020-10-31
2020-10-31 14:00:00,4236678.1,15,2020-10-31
2020-10-31 15:00:00,4327028.69,16,2020-10-31
2020-10-31 16:00:00,4509026.613,17,2020-10-31
2020-10-31 17:00:00,4729360.823,18,2020-10-31
2020-10-31 18:00:00,5064842.133,19,2020-10-31
2020-10-31 19:00:00,5270066.508,20,2020-10-31
2020-10-31 20:00:00,5453555.119,21,2020-10-31
2020-10-31 21:00:00,5074251.44,22,2020-10-31
2020-10-31 22:00:00,4619926.892,23,2020-10-31
2020-10-31 23:00:00,4127831.207,24,2020-10-31
